tree
version=v4
num_class=1
num_tree_per_iteration=1
label_index=0
max_feature_idx=1
objective=regression
feature_names=EMA Open_Close_Diff
feature_infos=[193.52854243889288:209.01266817594905] [-1.8100000000000023:1.3700000000000045]
tree_sizes=1936 1997 2086 2083 1848 2174 2093 2010 2177 2010 1863 1942 1862 1956 2121 1972 2150 1891 2069 1993 1976 2078 2155 2081 2239 2072 2086 2085 2078 2086 2088 2008 2012 2104 2197 1941 1945 2030 1957 2121 2214 2035 1970 2207 2053 2222 2062 2152 2059 2231 2050 2073 2075 2235 2138 2235 2237 2155 2149 2335 2067 2083 2165 2237 2163 2075 2158 2236 2252 2067 2072 2169 2154 2261 2169 2320 2076 2078 2172 2319 2237 2260 2141 2072 2165 2073 2254 2077 2170 2178 2174 2174 2164 2096 2159 2250 2170 2084 2256 2266

Tree=0
num_leaves=23
num_cat=0
split_feature=0 0 0 0 0 0 0 0 0 0 0 1 0 0 0 0 0 1 1 0 0 0
split_gain=13269.4 1273.53 372.589 202.525 136.777 49.6068 33.3596 13.7192 10.5476 4.97209 4.83193 2.39726 2.28455 2.06304 1.55803 1.39416 0.605357 0.503753 0.392463 0.220431 0.153605 0.0528267
threshold=201.88167294280586 197.68105491724808 206.46784911088568 195.2133744255585 199.73753085238968 208.00074442552994 204.93313684350093 196.36513841958751 194.29141748997938 207.30471551717284 208.42092685955626 1.0000000180025095e-35 197.02832719003359 207.63370737756614 201.32901389860635 208.63779354947954 206.01147617631304 0.025000000000005688 0.019999999999996024 208.26089760541132 208.26089760541132 208.52795719478243
decision_type=2 2 2 2 2 2 2 2 2 2 2 2 2 2 2 2 2 2 2 2 2 2
left_child=1 3 6 8 -3 9 -2 -5 -1 -4 11 20 -9 18 -6 17 -8 21 -11 -13 -7 -12
right_child=2 4 5 7 14 10 16 12 -10 13 15 19 -14 -15 -16 -17 -18 -19 -20 -21 -22 -23
leaf_value=203.01241840786403 204.08026698383074 203.52456999884711 204.33607628837464 203.23583839658707 203.75874300381494 204.45828214317862 204.22035774763185 203.31416691250271 203.10307646857368 204.38550495571562 204.47672517564561 204.42355010138618 203.35717156425355 204.40846146477594 203.79301698729395 204.49863336351183 204.24207655683398 204.46363159285653 204.36617170666892 204.43821920364621 204.46985032823352 204.48350922170312
leaf_weight=33 21 33 21 21 21 22 33 30 21 21 24 20 21 36 36 30 21 32 21 21 24 22
leaf_count=33 21 33 21 21 21 22 33 30 21 21 24 20 21 36 36 30 21 32 21 21 24 22
internal_value=204.022 203.399 204.386 203.194 203.687 204.437 204.187 203.304 203.048 204.379 204.466 204.449 203.332 204.391 203.78 204.48 204.229 204.473 204.376 204.431 204.464 204.48
internal_weight=585 216 369 126 90 294 75 72 54 99 195 87 51 78 57 108 54 78 42 41 46 46
internal_count=585 216 369 126 90 294 75 72 54 99 195 87 51 78 57 108 54 78 42 41 46 46
is_linear=0
shrinkage=1


Tree=1
num_leaves=23
num_cat=0
split_feature=0 0 0 0 0 0 0 0 0 0 0 0 0 1 0 0 1 0 1 0 0 0
split_gain=10748.2 1031.74 301.797 174.244 98.1126 40.1815 27.0213 12.7962 8.54353 4.02739 3.91386 3.89583 2.59843 1.94178 1.67106 1.13438 0.510188 0.490339 0.317895 0.178549 0.12442 0.101861
threshold=201.88167294280586 197.95816606662197 206.46784911088568 195.2133744255585 199.3798270110054 208.00074442552994 204.93313684350093 196.36513841958751 194.29141748997938 207.30471551717284 208.42092685955626 197.05049731287372 201.32901389860635 1.0000000180025095e-35 207.63370737756614 208.65960065218886 -0.019999999999996017 206.01147617631304 0.019999999999996024 208.26089760541132 208.26089760541132 208.52795719478243
decision_type=2 2 2 2 2 2 2 2 2 2 2 2 2 2 2 2 2 2 2 2 2 2
left_child=1 3 6 8 -3 9 -2 -5 -1 -4 13 -9 -6 20 18 16 -12 -8 -11 -15 -7 -18
right_child=2 4 5 7 12 10 17 11 -10 14 15 -13 -14 19 -16 -17 21 -19 -20 -21 -22 -23
leaf_value=-0.90842367519031875 0.052640066544214881 -0.45241981259098757 0.28286845116388232 -0.707345655986241 -0.24836389720439911 0.39285371737046676 0.17872175375620525 -0.63677734750689885 -0.82683141572134833 0.32735424836476645 0.41609563266529759 -0.58168003218514586 -0.20588492259590163 0.36159487724304201 0.34801509645250112 0.43043281767103408 0.3948343640282041 0.19826868431908745 0.30995433557601204 0.37479706378210165 0.40326507389545441 0.404198276079618
leaf_weight=33 21 27 21 21 24 22 33 33 21 21 34 21 36 20 36 27 21 21 21 21 24 26
leaf_count=33 21 27 21 21 24 22 33 33 21 21 34 21 36 20 36 27 21 21 21 21 24 26
internal_value=-3.2738e-09 -0.560243 0.327947 -0.739726 -0.294114 0.373625 0.148892 -0.641109 -0.876693 0.32174 0.399966 -0.615351 -0.222877 0.384181 0.332205 0.412682 0.406765 0.186323 0.318654 0.368357 0.398286 0.400014
internal_weight=585 216 369 129 87 294 75 75 54 99 195 54 60 87 78 108 81 54 42 41 46 47
internal_count=585 216 369 129 87 294 75 75 54 99 195 54 60 87 78 108 81 54 42 41 46 47
is_linear=0
shrinkage=0.1


Tree=2
num_leaves=24
num_cat=0
split_feature=0 0 0 0 0 0 0 0 0 0 1 0 0 1 0 1 0 1 1 0 1 0 0
split_gain=8711.78 874.851 213.117 132.552 95.5695 23.012 18.7427 8.91845 6.92025 6.41703 4.81234 3.17023 1.58409 1.57284 1.42645 1.00251 0.732278 0.416727 0.285689 0.282938 0.21615 0.144625 0.100781
threshold=202.41911172668947 197.68105491724808 207.07036475604693 195.2133744255585 199.73753085238968 208.00074442552994 205.19715759497532 196.36513841958751 194.29141748997938 206.21377377418193 -0.18500000000000225 208.42092685955626 207.73253215543338 1.0000000180025095e-35 197.02832719003359 -0.019999999999996017 208.58506996784129 0.019999999999996024 0.084999999999993761 201.57102490479909 -0.019999999999996017 208.26089760541132 208.26089760541132
decision_type=2 2 2 2 2 2 2 2 2 2 2 2 2 2 2 2 2 2 2 2 2 2 2
left_child=1 3 6 8 -3 12 -2 -5 -1 20 -6 13 17 22 -9 16 -13 -4 -17 -12 -8 -15 -7
right_child=2 4 5 7 10 11 9 14 -10 -11 19 15 -14 21 -16 18 -18 -19 -20 -21 -22 -23 -24
leaf_value=-0.81758125912059443 0.079573659527869461 -0.40292519656094639 0.29631292819976807 -0.63661110741751537 -0.15100431933999062 0.35356833609667693 0.17322174757719042 -0.57317226092020668 -0.74414825439453125 0.23368449211120607 -0.21949179083108905 0.37125655412673952 0.31731543452651412 0.32543538570404057 -0.53919070902324862 0.36913228292722966 0.39716513276100163 0.27920942306518554 0.35560364899811925 -0.20267101556062697 0.1593296107791719 0.33731737477438795 0.36293858389059702
leaf_weight=33 21 33 29 21 20 22 24 30 21 21 20 24 27 20 21 37 20 28 27 20 21 21 24
leaf_count=33 21 33 29 21 20 22 24 30 21 21 20 24 27 20 21 37 20 28 27 20 21 21 24
internal_value=8.86428e-10 -0.498878 0.298509 -0.67059 -0.266235 0.34112 0.161858 -0.581764 -0.789024 0.18804 -0.191056 0.35997 0.297363 0.345763 -0.55918 0.371413 0.383033 0.287911 0.363425 -0.211081 0.166739 0.331521 0.358457
internal_weight=585 219 366 126 93 279 87 72 54 66 60 195 84 87 51 108 44 57 64 40 45 41 46
internal_count=585 219 366 126 93 279 87 72 54 66 60 195 84 87 51 108 44 57 64 40 45 41 46
is_linear=0
shrinkage=0.1


Tree=3
num_leaves=24
num_cat=0
split_feature=0 0 0 0 0 0 0 0 0 0 1 0 0 1 0 1 0 0 1 1 1 0 1
split_gain=7056.54 711 173.176 120.545 58.6905 26.2092 9.98795 9.39985 5.60541 4.17573 3.898 2.64099 2.62685 1.72926 0.689668 0.663261 0.761995 0.611981 0.39127 0.350098 0.280219 0.22918 0.110034
threshold=202.41911172668947 198.14957405151569 206.46784911088568 195.2133744255585 199.73753085238968 208.00074442552994 205.19715759497532 196.36513841958751 194.29141748997938 197.10927215269015 -0.18500000000000225 207.53054366993638 208.48814170570833 -0.034999999999996582 207.30471551717284 1.0000000180025095e-35 208.58506996784129 207.83065761649408 -0.14000000000000054 0.025000000000005688 0.025000000000005688 201.57102490479909 0.11500000000000911
decision_type=2 2 2 2 2 2 2 2 2 2 2 2 2 2 2 2 2 2 2 2 2 2 2
left_child=1 3 6 8 -3 11 -2 -5 -1 -9 -6 14 13 18 -4 16 -14 -13 -7 -15 -8 -12 -17
right_child=2 4 5 7 10 12 20 9 -10 -11 21 17 15 19 -16 22 -18 -19 -20 -21 -22 -23 -24
leaf_value=-0.73582316745411269 0.071616291574069443 -0.3494859509997898 0.22966810748690653 -0.57294996125357489 -0.13590388789772986 0.33974131464958196 0.15951273979679231 -0.51535842418670652 -0.66973342895507815 -0.45924810795556931 -0.1975426158308983 0.26721219944231439 0.33211127235775906 0.3116846577326457 0.25448292891184487 0.33283763726552329 0.35874238664453684 0.28904951867603124 0.32019767534165156 0.29714780272664248 0.14433041155338286 -0.18240391850471496 0.32279452800750735
leaf_weight=33 21 27 21 21 20 20 31 36 21 21 20 33 21 30 24 24 22 21 21 37 20 20 20
leaf_count=33 21 27 21 21 20 20 31 36 21 21 20 33 21 30 24 24 22 21 21 37 20 20 20
internal_value=-1.84418e-09 -0.44899 0.268658 -0.59527 -0.227047 0.302698 0.129659 -0.515757 -0.710122 -0.494686 -0.17195 0.260795 0.323973 0.313555 0.242903 0.336904 0.345736 0.275704 0.329731 0.303657 0.153559 -0.189973 0.328273
internal_weight=585 219 366 132 87 294 72 78 54 57 60 99 195 108 45 87 43 54 41 67 51 40 44
internal_count=585 219 366 132 87 294 72 78 54 57 60 99 195 108 45 87 43 54 41 67 51 40 44
is_linear=0
shrinkage=0.1


Tree=4
num_leaves=21
num_cat=0
split_feature=0 0 0 0 0 0 0 0 1 0 0 0 1 1 0 0 1 1 1 0
split_gain=5717.3 549.092 159.869 87.5055 59.8566 21.2295 14.0528 7.4936 5.77855 2.16572 2.15135 1.72487 1.13409 1.02971 0.836337 0.7778 0.270208 0.259839 0.229168 0.0573399
threshold=201.88167294280586 197.68105491724808 206.46784911088568 194.89813595402049 199.3798270110054 208.00074442552994 204.93313684350093 196.24445711450065 -0.019999999999996017 207.61392631978876 208.42092685955626 201.32901389860635 0.025000000000005688 0.01500000000000057 207.30471551717284 208.65960065218886 -0.019999999999996017 -0.019999999999996017 -0.034999999999996582 208.52795719478243
decision_type=2 2 2 2 2 2 2 2 2 2 2 2 2 2 2 2 2 2 2 2
left_child=1 3 6 8 -3 9 -2 -5 -1 14 12 -6 18 -9 -4 17 -8 -12 -7 -19
right_child=2 4 5 7 11 10 16 13 -10 -11 15 -13 -14 -15 -16 -17 -18 19 -20 -21
leaf_value=-0.61390802860260019 0.039450531488373165 -0.33528593500455223 0.20670129685174851 -0.52532301630292622 -0.18305377860864003 0.29401844819386802 0.14242473203560402 -0.44161689962659567 -0.681555524079696 0.25306049615908893 0.3027621086905985 -0.14844412033756574 0.26372599519532303 -0.46925381238643943 0.23145410280961257 0.31570139372790301 0.12823818397521974 0.28739921592530754 0.28143929243087767 0.29442477776454046
leaf_weight=28 21 30 21 21 24 30 29 28 23 39 34 36 29 26 39 27 25 21 28 26
leaf_count=28 21 30 21 21 24 30 29 28 23 39 34 36 29 26 39 27 25 21 28 26
internal_value=-7.13218e-10 -0.408605 0.239184 -0.543356 -0.219954 0.272429 0.108863 -0.474635 -0.644416 0.234715 0.291575 -0.162288 0.279872 -0.454924 0.222791 0.301003 0.135857 0.296103 0.287946 0.291286
internal_weight=585 216 369 126 90 294 75 75 51 99 195 60 87 54 60 108 54 81 58 47
internal_count=585 216 369 126 90 294 75 75 51 99 195 60 87 54 60 108 54 81 58 47
is_linear=0
shrinkage=0.1


Tree=5
num_leaves=25
num_cat=0
split_feature=0 0 0 0 0 0 0 0 1 1 0 0 0 1 0 1 1 0 0 0 0 1 1 1
split_gain=4633.93 466.661 113.082 79.2038 38.3539 12.1002 9.63474 7.77428 4.68063 3.80322 3.51586 1.88844 1.75809 1.21528 0.889072 0.543583 0.513089 0.55711 0.49921 0.489252 0.373849 0.252627 0.105612 0.0932577
threshold=202.41911172668947 198.14957405151569 207.07036475604693 194.89813595402049 199.3798270110054 208.00074442552994 205.19715759497532 196.78295832866337 -0.019999999999996017 -0.19499999999999315 206.21377377418193 197.10927215269015 208.48814170570833 -0.14000000000000054 207.83065761649408 -0.12499999999999999 1.0000000180025095e-35 208.58506996784129 201.52833600084836 208.23939175852561 207.53054366993638 -1.0000000180025095e-35 -0.019999999999996017 0.11500000000000911
decision_type=2 2 2 2 2 2 2 2 2 2 2 2 2 2 2 2 2 2 2 2 2 2 2 2
left_child=1 3 6 8 -3 14 -2 -5 -1 -6 22 -9 13 -7 15 -4 17 -14 -11 -15 -17 -21 -8 -18
right_child=2 4 5 7 9 12 10 11 -10 18 -12 -13 16 19 -16 20 23 -19 -20 21 -22 -23 -24 -25
leaf_value=-0.55251721569470003 0.059173659660986491 -0.29161179711421331 0.22469966769218447 -0.45552518235312567 -0.10702971920371057 0.27614675283432011 0.12570582330226898 -0.41234058936436968 -0.61339996586675227 -0.17084133525689443 0.17072741900171554 -0.37127839837755477 0.2691150676636469 0.23820315065055062 0.23483852148056031 0.19474541187286376 0.26960791448752086 0.29188615842299032 -0.1492859872904691 0.26255206194790931 0.21343946871550187 0.24902030970599198 0.11599519735290892 0.26036203861236573
leaf_weight=28 21 24 20 36 20 20 24 24 23 21 21 21 21 29 21 20 24 22 22 22 23 37 21 20
leaf_count=28 21 24 20 36 20 20 24 24 23 21 21 21 21 29 21 20 24 22 22 22 23 37 21 20
internal_value=2.509e-10 -0.363844 0.21771 -0.482353 -0.184037 0.248749 0.11817 -0.420888 -0.579974 -0.143056 0.136941 -0.393178 0.262418 0.253896 0.217019 0.21108 0.272997 0.280765 -0.159813 0.248839 0.204745 0.254066 0.121174 0.265405
internal_weight=585 219 366 132 87 279 87 81 51 63 66 45 195 108 84 63 87 43 43 88 43 59 45 44
internal_count=585 219 366 132 87 279 87 81 51 63 66 45 195 108 84 63 87 43 43 88 43 59 45 44
is_linear=0
shrinkage=0.1


Tree=6
num_leaves=24
num_cat=0
split_feature=0 0 0 0 0 0 0 0 1 1 0 1 0 1 0 0 1 0 1 1 1 0 1
split_gain=3753.48 378.203 91.6942 53.5784 45.7424 13.9333 5.11562 4.56217 3.81335 3.0806 2.07596 1.30732 0.937781 0.880077 0.678734 0.40436 0.362578 0.269221 0.251421 0.158476 0.147682 0.114886 0.0295228
threshold=202.41911172668947 197.37433570284369 206.46784911088568 194.89813595402049 199.3798270110054 207.84795697579298 205.19715759497532 196.24445711450065 -0.049999999999997151 -0.19499999999999315 208.34171212041636 0.025000000000005688 207.30471551717284 0.01500000000000057 208.65960065218886 201.52833600084836 -0.034999999999996582 207.63370737756614 0.025000000000005688 0.019999999999996024 0.025000000000005688 208.51261220940643 -0.034999999999996582
decision_type=2 2 2 2 2 2 2 2 2 2 2 2 2 2 2 2 2 2 2 2 2 2 2
left_child=1 3 6 8 -3 12 -2 -5 -1 -6 11 16 -4 -9 18 -11 -7 19 22 -14 -8 -20 -12
right_child=2 4 5 7 9 10 20 13 -10 15 14 -13 17 -15 -16 -17 -18 -19 21 -21 -22 -23 -24
leaf_value=-0.49516336367680475 0.053256294488285984 -0.27408502968874843 0.167986912386758 -0.42723818960643956 -0.096326746791601192 0.23766083018533113 0.11622219335648321 -0.35947256794682259 -0.5498626384735108 -0.15375719768483015 0.24446544992296318 0.20112501707944005 0.19390831561315627 -0.38579087853431704 0.2564542717403836 -0.13435738520188764 0.22198007067044576 0.20163290841238843 0.22745966684250607 0.1816229928107489 0.10520037144422532 0.23791983184360324 0.2398623428561471
leaf_weight=26 21 33 21 21 20 29 31 27 25 21 38 22 21 24 27 22 30 21 21 21 20 21 22
leaf_count=26 21 33 21 21 20 29 31 27 25 21 38 22 21 24 27 22 30 21 21 21 20 21 22
internal_value=1.67773e-09 -0.32746 0.195939 -0.443557 -0.178709 0.220709 0.0947955 -0.38801 -0.521977 -0.128751 0.234477 0.22193 0.186288 -0.371858 0.242356 -0.143832 0.229688 0.192388 0.238624 0.187766 0.1119 0.23269 0.242778
internal_weight=585 219 366 123 96 294 72 72 51 63 210 81 84 51 129 43 59 63 102 42 51 42 60
internal_count=585 219 366 123 96 294 72 72 51 63 210 81 84 51 129 43 59 63 102 42 51 42 60
is_linear=0
shrinkage=0.1


Tree=7
num_leaves=23
num_cat=0
split_feature=0 0 0 0 0 0 0 0 0 1 0 0 0 0 1 1 0 1 0 0 0 0
split_gain=3041.22 292.983 84.6591 52.0013 23.7407 11.3671 7.31282 4.30808 4.18061 1.40132 1.41161 1.18282 1.11255 0.787878 0.425566 0.314817 0.270302 0.185904 0.302178 0.184811 0.0999617 0.0120326
threshold=201.88167294280586 198.14957405151569 206.46784911088568 195.2133744255585 199.73753085238968 208.00074442552994 204.93313684350093 196.78295832866337 194.08407420163172 -0.16500000000000623 208.46527511642168 197.10927215269015 207.53054366993638 201.32901389860635 -0.049999999999997151 0.025000000000005688 207.83065761649408 0.084999999999993761 208.5913024218967 206.01147617631304 208.25305407766822 208.52584786471132
decision_type=2 2 2 2 2 2 2 2 2 2 2 2 2 2 2 2 2 2 2 2 2 2
left_child=1 3 6 8 -3 12 -2 -5 -1 -7 15 -9 14 -6 -4 20 -14 18 21 -8 -11 -12
right_child=2 4 5 7 13 9 19 11 -10 10 17 -13 16 -15 -16 -17 -18 -19 -20 -21 -22 -23
leaf_value=-0.49746053119500477 0.029538355989470369 -0.22925845163839834 0.17030155181884765 -0.36613738392338613 -0.13081902428751899 0.23475410604476929 0.094416638034762759 -0.33373369773228967 -0.44146537621816001 0.20097461755459128 0.21440586268901829 -0.3012361367543539 0.1750749783082442 -0.10644619142015775 0.15073092794418336 0.19259544803815731 0.18958791267304195 0.21046697626943175 0.23079720962615241 0.10641699504284632 0.21013343496756121 0.21772698760032655
leaf_weight=24 21 27 20 33 21 25 33 24 30 26 20 21 33 36 25 34 21 23 21 21 22 24
leaf_count=24 21 27 20 33 21 25 33 24 30 26 20 21 33 36 25 34 21 23 21 21 22 24
internal_value=8.84199e-10 -0.298011 0.174445 -0.390918 -0.152015 0.198638 0.0796108 -0.338694 -0.466352 0.212648 0.209397 -0.318568 0.171042 -0.115426 0.159429 0.199958 0.180719 0.218194 0.220928 0.0990834 0.205172 0.216217
internal_weight=585 216 369 132 84 294 75 78 54 195 170 45 99 57 45 82 54 88 65 54 48 44
internal_count=585 216 369 132 84 294 75 78 54 195 170 45 99 57 45 82 54 88 65 54 48 44
is_linear=0
shrinkage=0.1


Tree=8
num_leaves=25
num_cat=0
split_feature=0 0 0 0 0 0 0 1 0 1 0 1 0 1 1 0 1 0 0 1 0 0 0 0
split_gain=2464.87 248.42 60.2632 35.1794 29.8007 6.40266 4.8985 3.13112 3.10859 2.54361 1.95529 1.15322 1.2407 0.723032 0.601872 0.565672 0.5261 0.311274 0.200518 0.13895 0.131118 0.108438 0.0450984 0.040424
threshold=202.41911172668947 197.37433570284369 207.07036475604693 194.89813595402049 199.3798270110054 208.00074442552994 205.19715759497532 -0.049999999999997151 196.24445711450065 -0.19499999999999315 206.17075764789089 0.1850000000000023 208.65960065218886 0.049999999999997165 -0.16500000000000623 208.34171212041636 0.010000000000005118 207.63370737756614 201.52833600084836 -0.034999999999996582 207.57374058172289 208.48814170570833 208.54712642718059 208.23939175852561
decision_type=2 2 2 2 2 2 2 2 2 2 2 2 2 2 2 2 2 2 2 2 2 2 2 2
left_child=1 3 6 7 -3 16 -2 -1 -5 -6 19 12 14 -10 -7 23 17 -4 -11 -8 -18 -17 -23 -16
right_child=2 4 5 8 9 11 10 -9 13 18 -12 -13 -14 -15 15 21 20 -19 -20 -21 -22 22 -24 -25
leaf_value=-0.39870071136034452 0.044049995505650134 -0.22178764921246152 0.15815361323563948 -0.34682454381670275 -0.075018537119030948 0.20709264457225798 0.091974060237407687 -0.44826604461669928 -0.29073946558195968 -0.12517448534213363 0.12227048998077711 0.17035346160764281 0.21637268554080619 -0.31478052356026393 0.17727732216870343 0.18895970657467842 0.14473630644026256 0.17521156191825868 -0.11151324922049588 0.080457386374473583 0.15604984015226364 0.19886669794718426 0.19273628354072572 0.18312722614833288
leaf_weight=26 21 33 23 21 20 20 22 25 29 21 24 23 22 22 27 32 21 20 22 20 20 30 20 21
leaf_count=26 21 33 23 21 20 20 22 25 29 21 24 23 22 22 27 32 21 20 22 20 20 30 20 21
internal_value=1.13502e-09 -0.265361 0.158782 -0.359454 -0.144805 0.181441 0.0861163 -0.422997 -0.314443 -0.104481 0.099501 0.191383 0.194196 -0.30111 0.190943 0.188458 0.15836 0.166088 -0.118185 0.0864899 0.150255 0.193505 0.196415 0.179837
internal_weight=585 219 366 123 96 279 87 51 72 63 66 195 172 51 150 130 84 43 43 42 41 82 50 48
internal_count=585 219 366 123 96 279 87 51 72 63 66 195 172 51 150 130 84 43 43 42 41 82 50 48
is_linear=0
shrinkage=0.1


Tree=9
num_leaves=23
num_cat=0
split_feature=0 0 0 0 0 0 0 0 1 0 0 1 0 1 0 1 0 0 0 0 0 0
split_gain=1996.54 202.125 48.8132 34.3428 16.502 7.11805 5.18615 3.96779 1.79689 1.60275 1.29499 0.943491 0.998833 0.426141 0.252132 0.230915 0.187241 0.106205 0.0982956 0.0874825 0.0533482 0.00495742
threshold=202.41911172668947 198.14957405151569 207.07036475604693 194.50652415220702 199.73753085238968 195.9950011333552 208.00074442552994 205.19715759497532 -0.18500000000000225 206.04592099438 197.10927215269015 -0.16500000000000623 208.34171212041636 0.010000000000005118 207.63370737756614 0.01500000000000057 208.65960065218886 207.57374058172289 196.86338056825869 208.48814170570833 208.5327853553909 201.57102490479909
decision_type=2 2 2 2 2 2 2 2 2 2 2 2 2 2 2 2 2 2 2 2 2 2
left_child=1 3 7 -1 -3 -5 13 -2 -6 -9 18 -8 15 14 -4 -13 19 -15 -7 -14 -21 -10
right_child=2 4 6 5 8 10 11 9 21 -11 -12 12 16 17 -16 -17 -18 -19 -20 20 -22 -23
leaf_value=-0.39558524229587655 0.039644997070233029 -0.18541308928419042 0.1423382510309634 -0.32387923399607343 -0.066800249330699446 -0.27967265219915483 0.19038382482528687 0.07532536730998092 -0.10462414801120759 0.10662162582079569 -0.24442124764124551 0.16358616737758414 0.16905680994192762 0.13026267744245984 0.15769040822982788 0.15024915096305669 0.18317488106814298 0.14044485509395599 -0.2699971743992397 0.1795146203041077 0.17310427201760781 -0.10239762092009186
leaf_weight=39 21 27 23 30 20 21 25 36 20 30 21 34 36 21 20 21 22 20 21 20 37 20
leaf_count=39 21 27 23 30 20 21 25 36 20 30 21 34 36 21 20 21 22 20 21 20 37 20
internal_value=1.52514e-09 -0.238825 0.142904 -0.316819 -0.12049 -0.283788 0.163297 0.0775047 -0.091274 0.0895509 -0.264697 0.172245 0.169578 0.142524 0.149479 0.158494 0.174879 0.13523 -0.274835 0.172916 0.175354 -0.103511
internal_weight=585 219 366 132 87 93 279 87 60 66 63 195 170 84 43 55 115 41 42 93 57 40
internal_count=585 219 366 132 87 93 279 87 60 66 63 195 170 84 43 55 115 41 42 93 57 40
is_linear=0
shrinkage=0.1


Tree=10
num_leaves=21
num_cat=0
split_feature=0 0 0 0 0 0 0 0 1 0 0 1 0 1 0 1 1 1 0 1
split_gain=1617.79 156.192 45.1092 23.9278 18.3514 5.96819 4.42073 3.75564 1.1869 1.03523 1.01185 0.716613 0.463419 0.33841 0.318688 0.194856 0.116514 0.0768241 0.115723 0.058263
threshold=201.88167294280586 197.37433570284369 206.46784911088568 194.50652415220702 199.3798270110054 207.83065761649408 195.92688364319253 204.93313684350093 0.1850000000000023 201.32901389860635 208.65960065218886 -0.094999999999998849 208.25305407766822 -0.14999999999999145 207.53054366993638 1.0000000180025095e-35 -0.019999999999996017 -0.019999999999996017 208.48814170570833 -0.10000000000000851
decision_type=2 2 2 2 2 2 2 2 2 2 2 2 2 2 2 2 2 2 2 2
left_child=1 3 7 -1 -3 13 -5 -2 10 -6 12 -8 15 -4 -15 -7 -9 19 -19 -14
right_child=2 4 5 6 9 8 11 16 -10 -11 -12 -13 17 14 -16 -17 -18 18 -20 -21
leaf_value=-0.35602672527997925 0.022123236226893606 -0.17945827065092146 0.13136735299359198 -0.29457550976011487 -0.1027040080788235 0.1505906725631041 -0.23077382871082852 0.076274715877812482 0.13248676694929601 -0.075891491139514586 0.17625409039584072 -0.25401825706164044 0.15673583831105914 0.11046872157603503 0.12590084283248237 0.13833919082369125 0.066959004521369936 0.15036327838897706 0.15900388033159318 0.16337763309478759
leaf_weight=39 21 33 23 27 24 34 21 29 24 36 22 36 28 32 23 21 25 31 31 25
leaf_count=39 21 33 23 27 24 34 21 29 24 36 22 36 28 32 23 21 25 31 31 25
internal_value=6.94114e-10 -0.217355 0.127232 -0.291297 -0.11956 0.144891 -0.261243 0.0580071 0.153453 -0.0866165 0.156074 -0.245455 0.153463 0.121182 0.116922 0.145913 0.0719619 0.157073 0.154684 0.159869
internal_weight=585 216 369 123 93 294 84 75 216 60 192 57 170 78 55 55 54 115 62 53
internal_count=585 216 369 123 93 294 84 75 216 60 192 57 170 78 55 55 54 115 62 53
is_linear=0
shrinkage=0.1


Tree=11
num_leaves=22
num_cat=0
split_feature=0 0 0 0 1 0 0 0 0 0 1 0 0 1 0 1 0 1 1 1 1
split_gain=1311.11 133.656 32.0146 26.5251 6.42477 3.76826 3.69924 3.50651 2.42577 2.32738 1.14543 0.951811 0.661297 0.417728 0.387286 0.28651 0.244348 0.139455 0.052242 0.051091 0.0161133
threshold=202.41911172668947 198.59827739408234 206.97966435834908 195.7333923122564 -0.23499999999998519 194.50652415220702 208.25305407766822 201.14029831524593 197.10927215269015 205.19715759497532 0.010000000000005118 206.04592099438 207.78770902457691 -0.16500000000000623 196.78295832866337 0.13000000000000969 208.48814170570833 1.0000000180025095e-35 -1.0000000180025095e-35 -0.034999999999996582 0.11500000000000911
decision_type=2 2 2 2 2 2 2 2 2 2 2 2 2 2 2 2 2 2 2 2 2
left_child=1 3 9 5 -3 -1 10 -6 14 -2 12 -11 -4 -8 -5 -12 18 -18 -15 -14 -19
right_child=2 4 6 8 7 -7 13 -9 -10 11 15 -13 19 16 -16 -17 17 20 -20 -21 -22
leaf_value=-0.32042404871720537 0.03278330124559857 -0.041216798375050233 0.11593068361282349 -0.23579874745121709 -0.13839492769468398 -0.26788232099442255 0.15573279261589051 -0.086977073777880942 -0.19174670676390332 0.06057939026504755 0.11396781411021949 0.085417155949053941 0.13897197723388674 0.1393820434808731 -0.21833997319142023 0.098935584085328251 0.1485657218524388 0.14185459415117901 0.13303850969752751 0.13206119278202885 0.13801135182380678
leaf_weight=39 21 21 30 27 21 21 20 36 30 36 32 27 20 20 24 21 35 24 37 23 20
leaf_count=39 21 21 30 27 21 21 20 36 30 36 32 27 20 20 24 21 35 24 37 23 20
internal_value=4.22836e-10 -0.193535 0.115804 -0.25164 -0.0885003 -0.302034 0.131946 -0.10592 -0.21431 0.0616139 0.119201 0.0712241 0.127326 0.142239 -0.227583 0.108012 0.140254 0.143855 0.135264 0.135276 0.140108
internal_weight=585 219 366 141 78 60 282 57 81 84 126 63 73 156 51 53 136 79 57 43 44
internal_count=585 219 366 141 78 60 282 57 81 84 126 63 73 156 51 53 136 79 57 43 44
is_linear=0
shrinkage=0.1


Tree=12
num_leaves=21
num_cat=0
split_feature=0 0 0 0 0 1 1 0 0 0 0 1 0 0 1 1 0 1 0 1
split_gain=1062 108.946 26.0261 23.8835 3.88386 3.50424 3.43095 2.63145 2.32164 1.40367 0.830041 0.801978 0.493959 0.404111 0.33836 0.215486 0.197922 0.112959 0.0473738 0.0130518
threshold=202.41911172668947 198.92269653010081 207.14619527209479 195.92688364319253 194.50652415220702 -0.22499999999999429 -0.21500000000000338 208.25305407766822 206.04592099438 201.32901389860635 205.19715759497532 0.010000000000005118 207.91903694607495 196.94959994629468 -0.16500000000000623 0.13000000000000969 208.48814170570833 1.0000000180025095e-35 208.37270161559914 0.11500000000000911
decision_type=2 2 2 2 2 2 2 2 2 2 2 2 2 2 2 2 2 2 2 2
left_child=1 3 8 4 -1 -3 -5 11 10 -7 -2 12 -4 -8 -9 -13 18 -18 -16 -19
right_child=2 5 7 6 -6 9 13 14 -10 -11 -12 15 -14 -15 16 -17 17 19 -20 -21
leaf_value=-0.2883816413390331 0.029504971099751337 -0.037828643214888873 0.10671006672912174 -0.15237063070138296 -0.23904269801245795 -0.1055319245742715 -0.20904499387741088 0.14015951335430146 0.078634039554251078 -0.072451455878286539 0.05452145114605729 0.10396835825272971 0.12327573580874339 -0.19239852837153845 0.12447285374005637 0.090377845503389842 0.13370914953095572 0.12766913622617723 0.11869902301717689 0.12421021401882171
leaf_weight=39 21 20 36 21 27 23 25 20 33 29 36 28 36 35 30 20 35 24 27 20
leaf_count=39 21 20 36 21 27 23 25 20 33 29 36 28 36 35 30 20 35 24 27 20
internal_value=4.49721e-10 -0.174182 0.104223 -0.223543 -0.268198 -0.0734014 -0.187159 0.119451 0.0575256 -0.0870832 0.0453049 0.108318 0.114993 -0.199335 0.128015 0.0983056 0.126229 0.129469 0.121738 0.126097
internal_weight=585 219 366 147 66 72 81 276 90 52 57 120 72 60 156 48 136 79 57 44
internal_count=585 219 366 147 66 72 81 276 90 52 57 120 72 60 156 48 136 79 57 44
is_linear=0
shrinkage=0.1


Tree=13
num_leaves=22
num_cat=0
split_feature=0 0 0 0 0 0 0 0 1 0 0 1 0 1 0 1 0 0 1 1 0
split_gain=860.512 84.2878 24.1561 12.4568 10.2875 3.34112 2.28874 1.75941 0.549863 0.627186 0.456557 0.454663 0.404957 0.248945 0.218215 0.189594 0.235673 0.0834592 0.0285836 0.0254189 0.0159254
threshold=201.88167294280586 197.37433570284369 206.25826842490335 194.50652415220702 199.73753085238968 208.00074442552994 195.92688364319253 204.93313684350093 0.1850000000000023 208.65960065218886 207.14619527209479 0.06499999999999774 201.59911937592662 -0.16500000000000623 208.34171212041636 -0.12499999999999999 207.63370737756614 205.99601539021734 0.049999999999997165 -0.019999999999996017 208.23939175852561
decision_type=2 2 2 2 2 2 2 2 2 2 2 2 2 2 2 2 2 2 2 2 2
left_child=1 3 7 -1 -3 10 -5 -2 9 13 -4 -8 -6 -7 20 -12 -17 -9 19 -16 -15
right_child=2 4 5 6 12 8 11 17 -10 -11 15 -13 -14 14 18 16 -18 -19 -20 -21 -22
leaf_value=-0.25954347604360339 0.016466692622218813 -0.12853124762574833 0.077585751864881758 -0.21513842520890414 -0.066686779540032146 0.12307692468166352 -0.17322790598547139 0.054672504150895057 0.098539903318590458 0.13077087890018116 0.10181464034578075 -0.19194189846515655 -0.04921323798951649 0.10413132000852515 0.11484842390725108 0.085136239182564521 0.097915514448174729 0.046567848313134166 0.1171297200024128 0.11062110161781312 0.1078030818984622
leaf_weight=39 21 36 21 27 36 20 37 27 23 22 23 20 21 27 33 31 27 24 24 25 21
leaf_count=39 21 36 21 27 36 20 37 27 23 22 23 20 21 27 33 31 27 24 24 25 21
internal_value=1.02732e-09 -0.158521 0.0927928 -0.212839 -0.0866809 0.10539 -0.191155 0.0408276 0.113061 0.115003 0.0907253 -0.179794 -0.0602492 0.112691 0.111093 0.0941318 0.0910852 0.0508585 0.114227 0.113026 0.105738
internal_weight=585 216 369 123 93 297 84 72 195 172 102 57 57 150 130 81 58 51 82 58 48
internal_count=585 216 369 123 93 297 84 72 195 172 102 57 57 150 130 81 58 51 82 58 48
is_linear=0
shrinkage=0.1


Tree=14
num_leaves=24
num_cat=0
split_feature=0 0 0 0 1 0 1 0 1 0 0 1 0 0 0 1 0 1 1 1 0 0 0
split_gain=697.409 72.0077 17.0329 15.4873 2.82081 2.61591 2.55884 2.538 1.2354 0.854797 0.807611 0.445389 0.508021 0.241864 0.24087 0.201645 0.176754 0.142188 0.0847912 0.0827083 0.027613 0.0327401 0.0128996
threshold=202.41911172668947 198.92269653010081 206.46784911088568 195.92688364319253 -0.22499999999999429 194.08407420163172 -0.21500000000000338 208.00074442552994 -0.025000000000005681 201.32901389860635 205.19715759497532 0.1850000000000023 208.65960065218886 207.63370737756614 196.94959994629468 -0.16500000000000623 208.34171212041636 -0.11999999999999032 0.074999999999988645 0.025000000000005688 208.48814170570833 208.541814960799 208.23939175852561
decision_type=2 2 2 2 2 2 2 2 2 2 2 2 2 2 2 2 2 2 2 2 2 2 2
left_child=1 3 10 5 -3 -1 -5 13 -7 -6 -2 12 15 17 -8 -9 22 -4 -19 -12 -18 -22 -17
right_child=2 4 7 6 9 8 14 11 -10 -11 19 -13 -14 -15 -16 16 20 18 -20 -21 21 -23 -24
leaf_value=-0.24357653061548867 0.024362008007509369 -0.027302038953639571 0.085324766039848343 -0.12193918906684434 -0.085890054702758789 -0.18420283913612367 -0.16999428939819339 0.1107692337036133 -0.21854301799427378 -0.060075162222673152 0.050897526356481738 0.088685913060022437 0.11769378970969807 0.088633801032685575 -0.15714253187179567 0.093718188338809544 0.10051074866205455 0.070780338617888364 0.07966392991088686 0.042649238891899588 0.1066343868220294 0.10150010844935542 0.09702277155149551
leaf_weight=24 21 20 20 21 23 20 25 20 22 29 31 23 22 36 35 27 32 22 21 20 27 23 21
leaf_count=24 21 20 20 21 23 20 25 20 22 29 31 23 22 36 35 27 32 22 21 20 27 23 21
internal_value=2.63795e-10 -0.141151 0.0844593 -0.181282 -0.0592179 -0.21724 -0.151982 0.095135 -0.202191 -0.0714933 0.0408668 0.101755 0.103503 0.0820952 -0.162497 0.101422 0.0999834 0.0783588 0.0751188 0.0476629 0.102805 0.104273 0.0951639
internal_weight=585 219 366 147 72 66 81 294 42 52 72 195 172 99 60 150 130 63 43 51 82 50 48
internal_count=585 219 366 147 72 66 81 294 42 52 72 195 172 99 60 150 130 63 43 51 82 50 48
is_linear=0
shrinkage=0.1


Tree=15
num_leaves=22
num_cat=0
split_feature=0 0 0 0 0 0 1 0 0 1 1 0 0 1 0 1 1 0 0 0 0
split_gain=564.901 58.4319 13.8542 8.30754 7.15198 1.41765 1.38797 1.60562 1.30658 0.793405 0.558104 0.391348 0.358307 0.185176 0.112448 0.0791833 0.0734709 0.0519131 0.0518003 0.0468451 0.00474575
threshold=202.41911172668947 197.37433570284369 207.14619527209479 194.50652415220702 199.73753085238968 208.25305407766822 -0.15500000000000111 196.24445711450065 206.04592099438 -0.18500000000000225 0.13000000000000969 205.19715759497532 207.83065761649408 -0.16500000000000623 208.48814170570833 -0.12499999999999999 1.0000000180025095e-35 201.57102490479909 208.13107691347639 208.37270161559914 208.5913024218967
decision_type=2 2 2 2 2 2 2 2 2 2 2 2 2 2 2 2 2 2 2 2 2
left_child=1 3 8 -1 -3 10 -5 -8 11 -6 12 -2 15 -7 19 -4 -16 -11 -14 -15 -18
right_child=2 4 5 6 9 13 7 -9 -10 17 -12 -13 18 14 16 -17 20 -19 -20 -21 -22
leaf_value=-0.21081066712355004 0.021925806999206543 -0.10380505702147882 0.080246800631284712 -0.13269710719940209 -0.031162970196455721 0.10239348202943802 -0.18206514835357668 -0.14943414016773826 0.057777867985494218 -0.051954156169667844 0.0637025561183691 0.039103224588972002 0.090194311449604658 0.091422442793846134 0.097949719939913082 0.071877405276665321 0.092897408065341774 -0.059159228727221493 0.083930792108826022 0.085680919664877439 0.090818165955336205
leaf_weight=39 21 36 20 21 20 20 25 38 33 20 20 36 31 30 35 26 21 20 23 27 23
leaf_count=39 21 36 20 21 20 20 25 38 33 20 20 36 31 30 35 26 21 20 23 27 23
internal_value=1.74484e-10 -0.127036 0.0760134 -0.17267 -0.0685678 0.0871234 -0.154961 -0.162383 0.0419425 -0.0474255 0.0789519 0.0327747 0.0820018 0.0934092 0.092088 0.0755163 0.0945304 -0.0555567 0.0875265 0.0887028 0.0918105
internal_weight=585 219 366 123 96 276 84 63 90 60 120 57 100 156 136 46 79 40 54 57 44
internal_count=585 219 366 123 96 276 84 63 90 60 120 57 100 156 136 46 79 40 54 57 44
is_linear=0
shrinkage=0.1


Tree=16
num_leaves=24
num_cat=0
split_feature=0 0 0 0 1 1 0 0 1 0 1 0 0 1 1 1 1 1 0 0 1 0 1
split_gain=457.734 45.3589 12.8847 10.3051 2.67248 1.88132 1.75981 0.903644 0.81058 0.336628 0.326654 0.388577 0.239162 0.225493 0.151771 0.137914 0.149252 0.120178 0.116219 0.0942027 0.078729 0.0564503 0.034382
threshold=201.88167294280586 198.92269653010081 206.25826842490335 195.4796092834201 -0.26000000000000506 -0.049999999999997151 208.00074442552994 204.93313684350093 0.10999999999999945 196.78295832866337 0.1850000000000023 208.65960065218886 207.14619527209479 -0.20499999999998406 0.045000000000001712 -0.16500000000000623 -0.070000000000007376 -0.12499999999999999 207.63370737756614 205.99601539021734 -0.019999999999996017 208.48814170570833 0.025000000000005688
decision_type=2 2 2 2 2 2 2 2 2 2 2 2 2 2 2 2 2 2 2 2 2 2 2
left_child=1 3 7 5 -5 -1 12 -2 13 -6 11 15 -4 -3 -11 -8 -17 -14 -19 -9 -18 22 -22
right_child=2 8 6 4 9 -7 10 19 -10 14 -12 -13 17 -15 -16 16 20 18 -20 -21 21 -23 -24
leaf_value=-0.16179167042885509 0.012266466837553752 -0.033081686813384296 0.056724542166505548 -0.093701839968562128 -0.14475150207678478 -0.19813213759455189 0.089851894676685334 0.040965820169421262 -0.064056713587563971 -0.12359269082546234 0.071252382125543509 0.096352605928074236 0.074816787178101751 -0.047205240709277306 -0.13517969892575191 0.074464850340570723 0.088332698196172718 0.062096859851191122 0.071070941675592345 0.032355302867169186 0.081937423586845401 0.084700504810579363 0.076743515523580413
leaf_weight=28 21 20 21 20 24 29 20 27 23 20 23 22 23 26 26 28 20 31 27 24 25 31 26
leaf_count=28 21 20 21 20 24 29 20 27 23 20 23 22 23 26 26 28 20 31 27 24 25 31 26
internal_value=3.5836e-10 -0.115615 0.0676772 -0.147011 -0.12594 -0.180281 0.0768777 0.029725 -0.0487286 -0.135151 0.0824449 0.0839416 0.0662345 -0.0410646 -0.130142 0.0821213 0.0809319 0.0687001 0.0662744 0.0369138 0.0827072 0.0813352 0.0792895
internal_weight=585 216 369 147 90 57 297 72 69 70 195 172 102 46 46 150 130 81 58 51 102 82 51
internal_count=585 216 369 147 90 57 297 72 69 70 195 172 102 46 46 150 130 81 58 51 102 82 51
is_linear=0
shrinkage=0.1


Tree=17
num_leaves=21
num_cat=0
split_feature=0 0 0 0 0 0 0 1 0 1 0 0 0 0 0 1 0 0 1 1
split_gain=371.351 30.2734 15.9761 5.71529 3.62222 3.34347 1.42854 0.878239 1.01067 0.394765 0.465219 0.354894 0.163575 0.138166 0.0501415 0.0443965 0.0412912 0.0362182 0.0165704 0.0324531
threshold=201.69805069181615 197.37433570284369 206.25826842490335 194.50652415220702 204.62257565933058 200.33853492967094 208.25305407766822 -0.15500000000000111 196.24445711450065 0.15500000000000116 207.83065761649408 201.40240379651138 205.99601539021734 208.65960065218886 208.13107691347639 -0.12499999999999999 207.45785760578943 208.34171212041636 -0.034999999999996582 0.049999999999997165
decision_type=2 2 2 2 2 2 2 2 2 2 2 2 2 2 2 2 2 2 2 2
left_child=1 3 4 -1 -2 -3 9 -5 -9 10 15 -7 -6 17 -12 -4 -17 -8 -19 -20
right_child=2 5 6 7 12 11 13 8 -10 -11 14 -13 -14 -15 -16 16 -18 18 19 -21
leaf_value=-0.17178000074166519 -0.0080648991279304028 -0.082496507317782977 0.061612720621956718 -0.1077463068422817 0.040195917785167699 -0.032642587296487321 0.07116510205798679 -0.14697561526298525 -0.12108677139407711 0.048880204409360889 0.07357773415503964 -0.051027210482529228 0.029119772592093796 0.082288444373342734 0.067415320484534566 0.05315173521637917 0.059577559940516944 0.076938066906050637 0.071827979642769393 0.076351587687219891
leaf_weight=39 30 39 27 21 30 21 27 25 38 20 31 21 24 27 23 20 20 38 29 35
leaf_count=39 30 39 27 21 30 21 27 25 38 20 31 21 24 27 23 20 20 38 29 35
internal_value=4.25384e-10 -0.108883 0.0582998 -0.140145 0.0197953 -0.0614127 0.0691899 -0.125457 -0.13136 0.061895 0.0640462 -0.0418349 0.0352732 0.0757834 0.070953 0.0584795 0.0563646 0.0744219 0.075284 0.0743018
internal_weight=585 204 381 123 84 81 297 84 63 141 121 42 54 156 54 67 40 129 102 64
internal_count=585 204 381 123 84 81 297 84 63 141 121 42 54 156 54 67 40 129 102 64
is_linear=0
shrinkage=0.1


Tree=18
num_leaves=23
num_cat=0
split_feature=0 0 0 0 1 1 1 1 0 0 0 0 0 0 1 1 0 1 1 1 1 1
split_gain=301.114 31.3715 7.27132 6.74219 1.82976 1.44243 1.40685 0.802817 0.727731 0.685626 0.476845 0.29393 0.180758 0.138227 0.123675 0.098227 0.0884175 0.0642922 0.0612186 0.0214742 0.0323626 0.00471219
threshold=202.41911172668947 198.92269653010081 207.14619527209479 195.7333923122564 -0.22499999999999429 -0.21500000000000338 -0.049999999999997151 0.22500000000000855 206.04592099438 207.91903694607495 201.32901389860635 208.60019281397311 196.78295832866337 205.19715759497532 -0.16500000000000623 0.06499999999999774 208.34171212041636 0.074999999999988645 -0.12499999999999999 0.049999999999997165 -0.019999999999996017 -0.010000000000005114
decision_type=2 2 2 2 2 2 2 2 2 2 2 2 2 2 2 2 2 2 2 2 2 2
left_child=1 3 8 6 -3 -5 -1 9 13 17 -6 14 -7 -2 -11 -14 21 18 -4 20 -18 -16
right_child=2 4 7 5 10 12 -8 -9 -10 11 -12 -13 15 -15 16 -17 19 -19 -20 -21 -22 -23
leaf_value=-0.12919319965716067 0.017524198167735622 -0.012963156485930086 0.058664884808517642 -0.078624251839660472 -0.059307507328365164 -0.11611554974859412 -0.15983540857991865 0.044250148534774783 0.04263185426367052 0.07369688749313355 -0.040026613646026318 0.076761377670548192 -0.10028914348645644 0.027732950635254383 0.061044511944055559 -0.10973886793309993 0.068540604207022446 0.061311522349715236 0.051522373647562097 0.069885322928428653 0.063517637486043194 0.062949678865638944
leaf_weight=29 21 20 21 21 23 22 31 20 33 20 29 33 22 36 20 22 29 20 28 25 23 37
leaf_count=29 21 20 21 21 23 22 31 20 33 20 29 33 22 36 20 22 29 20 28 25 23 37
internal_value=3.05665e-10 -0.0927483 0.0554969 -0.119237 -0.0386682 -0.101451 -0.145025 0.0635458 0.0308138 0.0650532 -0.0485547 0.0681968 -0.108715 0.0239718 0.0663616 -0.105014 0.0652668 0.0565336 0.0545834 0.0674768 0.0663189 0.0622812
internal_weight=585 219 366 147 72 87 60 276 90 256 52 187 66 57 154 44 134 69 49 77 52 57
internal_count=585 219 366 147 72 87 60 276 90 256 52 187 66 57 154 44 134 69 49 77 52 57
is_linear=0
shrinkage=0.1


Tree=19
num_leaves=22
num_cat=0
split_feature=0 0 0 0 0 0 0 1 0 0 1 0 0 0 1 1 1 1 0 1 1
split_gain=244.107 20.0648 10.4236 3.99828 2.39624 2.16708 0.956668 0.571083 0.612213 0.327022 0.301604 0.311983 0.158927 0.0996905 0.0475752 0.0422756 0.028759 0.103973 0.0325526 0.00439611 0.00416869
threshold=201.69805069181615 197.37433570284369 206.25826842490335 194.50652415220702 204.62257565933058 200.33853492967094 208.25305407766822 -0.15500000000000111 196.24445711450065 201.40240379651138 0.14499999999999605 207.83065761649408 205.99601539021734 208.65960065218886 1.0000000180025095e-35 -1.0000000180025095e-35 -0.10000000000000851 -0.034999999999996582 208.48814170570833 0.034999999999996596 -0.16500000000000623
decision_type=2 2 2 2 2 2 2 2 2 2 2 2 2 2 2 2 2 2 2 2 2
left_child=1 3 4 -1 -2 -3 10 -5 -9 -7 11 15 -6 16 -13 20 -8 -18 -19 -20 -4
right_child=2 5 6 7 12 9 13 8 -10 -11 -12 14 -14 -15 -16 -17 17 18 19 -21 -22
leaf_value=-0.14018985575590379 -0.0064941338655383641 -0.06660692516523295 0.044431700408458709 -0.087163305850256056 0.033607205326358476 -0.025047142555316287 0.057467641255685264 -0.11835870194435119 -0.098209415140904879 -0.04269506961462044 0.039337989078326661 0.059977204703232825 0.022689554545407498 0.066985522486545421 0.053830638676881794 0.050749446017046777 0.06735191575828052 0.057428532820194958 0.060414576530456544 0.062511267587542538 0.046448985491657546
leaf_weight=39 30 39 20 21 30 21 28 25 38 21 22 34 24 27 20 24 21 40 20 20 21
leaf_count=39 30 39 20 21 30 21 28 25 38 21 22 34 24 27 20 24 21 40 20 20 21
internal_value=3.1464e-10 -0.0882795 0.0472678 -0.11373 0.016166 -0.0496328 0.0560642 -0.101445 -0.106205 -0.0338711 0.0500945 0.0520831 0.0287549 0.0614599 0.0577007 0.0474161 0.0603034 0.0610896 0.0594457 0.0614629 0.0454649
internal_weight=585 204 381 123 84 81 297 84 63 42 141 119 54 156 54 65 129 101 80 40 41
internal_count=585 204 381 123 84 81 297 84 63 42 141 119 54 156 54 65 129 101 80 40 41
is_linear=0
shrinkage=0.1


Tree=20
num_leaves=22
num_cat=0
split_feature=0 0 0 0 1 1 0 0 1 0 0 1 1 0 1 1 1 0 0 0 1
split_gain=197.98 20.7186 4.75259 4.25341 3.34511 1.1934 0.926906 0.731439 0.629152 0.47811 0.432001 0.23671 0.117239 0.116652 0.058718 0.0590405 0.044353 0.0430146 0.0220043 0.0134331 0.015326
threshold=202.41911172668947 198.59827739408234 207.14619527209479 194.50652415220702 -0.23499999999998519 -0.26000000000000506 196.24445711450065 201.14029831524593 0.22500000000000855 206.04592099438 207.91903694607495 -0.18500000000000225 -0.040000000000006246 208.57487923896156 0.074999999999988645 -0.12499999999999999 0.10999999999999945 208.34171212041636 208.1923441811243 208.52584786471132 0.019999999999996024
decision_type=2 2 2 2 2 2 2 2 2 2 2 2 2 2 2 2 2 2 2 2 2
left_child=1 3 9 -1 -3 -5 -7 -6 10 12 14 -12 -2 17 15 -4 -8 18 -13 20 -19
right_child=2 4 8 5 7 6 16 -9 -10 -11 11 13 -14 -15 -16 -17 -18 19 -20 -21 -22
leaf_value=-0.1261708709291923 0.024114565184572712 0.00026670171036606745 0.04822356375377803 -0.065440784981474279 -0.06125308374563853 -0.10785914063453675 -0.087467327976928036 -0.037769432329676222 0.034425697550177575 0.034623914347453551 0.065080662071704862 0.052722375627074929 0.015042733015685246 0.059071187788827556 0.050645186714828018 0.041209264418908528 -0.081622206384227403 0.0536678587158139 0.048883754899725324 0.05229674421928146 0.05730003288814
leaf_weight=39 28 21 21 20 21 27 34 36 20 33 22 28 29 36 20 28 21 26 32 22 21
leaf_count=39 28 21 21 20 21 27 34 36 20 33 22 28 29 36 20 28 21 26 32 22 21
internal_value=6.74612e-11 -0.0752057 0.0450001 -0.0980825 -0.0338515 -0.0873428 -0.0926848 -0.0464213 0.0515073 0.0250448 0.0528418 0.0553371 0.0194991 0.054038 0.0460791 0.0442154 -0.0852356 0.0526333 0.0506751 0.0543361 0.0552907
internal_weight=585 219 366 141 78 102 82 57 276 90 256 187 57 165 69 49 55 129 60 69 47
internal_count=585 219 366 141 78 102 82 57 276 90 256 187 57 165 69 49 55 129 60 69 47
is_linear=0
shrinkage=0.1


Tree=21
num_leaves=23
num_cat=0
split_feature=0 0 0 0 0 0 1 0 0 1 1 0 0 1 0 0 1 1 1 1 1 0
split_gain=160.494 13.266 6.78991 2.66223 1.61828 1.48852 0.683126 0.950812 0.655638 0.391512 0.231824 0.215165 0.148345 0.129905 0.080368 0.0515107 0.0467186 0.0415141 0.0326821 0.0292113 0.0461147 0.0213322
threshold=201.69805069181615 197.37433570284369 206.25826842490335 194.08407420163172 204.62257565933058 198.92269653010081 -0.049999999999997151 195.7333923122564 208.25305407766822 0.074999999999988645 0.15500000000000116 207.83065761649408 205.99601539021734 -0.17999999999999258 208.73160335209448 208.13107691347639 0.025000000000005688 0.094999999999998877 -0.12499999999999999 -0.10000000000000851 -0.034999999999996582 207.45785760578943
decision_type=2 2 2 2 2 2 2 2 2 2 2 2 2 2 2 2 2 2 2 2 2 2
left_child=1 3 4 -1 -2 -3 13 -8 10 -7 11 18 -6 -5 16 -13 19 -18 -4 -10 -21 -20
right_child=2 5 8 6 12 9 7 -9 14 -11 -12 15 -14 -15 -16 -17 17 -19 21 20 -22 -23
leaf_value=-0.12215521338706214 -0.0053969719136754673 -0.061048284312710172 0.041035388492875635 -0.070188010696853917 0.028258381399015587 -0.02526726301230893 -0.10991564363241196 -0.082437345122589795 0.048138141752250736 -0.042633042000234128 0.030510904155671599 0.049490393890488538 0.017710470858340464 -0.080957706955571973 0.055648181334670102 0.043244408913280658 0.043513897709224536 0.049083703290671112 0.034223269186913971 0.055458985686577346 0.049291270302125705 0.038841946069151166
leaf_weight=24 30 24 27 21 30 37 20 34 31 20 20 31 24 24 21 23 23 32 20 22 27 20
leaf_count=24 30 24 27 21 30 37 20 34 31 20 20 31 24 24 21 23 23 32 20 22 27 20
internal_value=1.74185e-10 -0.0715811 0.0383269 -0.0922751 0.0132249 -0.0401569 -0.0850315 -0.0926145 0.0454265 -0.0313605 0.0404844 0.0421329 0.0235704 -0.0759318 0.0498933 0.0468301 0.0489981 0.0467545 0.0383472 0.0505406 0.0520604 0.0365326
internal_weight=585 204 381 123 84 81 99 54 297 57 141 121 54 45 156 54 135 55 67 80 49 40
internal_count=585 204 381 123 84 81 99 54 297 57 141 121 54 45 156 54 135 55 67 80 49 40
is_linear=0
shrinkage=0.1


Tree=22
num_leaves=24
num_cat=0
split_feature=0 0 1 0 0 0 1 0 0 1 0 0 1 1 1 0 1 0 0 1 0 1 0
split_gain=130.166 13.6639 3.16529 3.09796 2.21441 2.17431 0.727784 1.05183 0.505501 0.494803 0.321247 0.278546 0.195285 0.171282 0.0983501 0.106213 0.0877661 0.0625038 0.096877 0.0569659 0.0552571 0.0475761 0.0360726
threshold=202.41911172668947 197.37433570284369 -0.2999999999999971 207.14619527209479 199.3798270110054 193.98444641620117 -0.049999999999997151 195.4796092834201 201.40240379651138 0.22500000000000855 206.04592099438 207.91903694607495 -0.18500000000000225 -0.21500000000000338 -0.10000000000000851 208.60019281397311 -0.040000000000006246 208.25305407766822 208.37270161559914 0.074999999999988645 208.48814170570833 -0.12499999999999999 208.5327853553909
decision_type=2 2 2 2 2 2 2 2 2 2 2 2 2 2 2 2 2 2 2 2 2 2 2
left_child=1 5 -3 10 -4 -1 13 -8 -6 11 16 19 -13 -7 -14 17 -2 -16 -19 21 -20 -5 -22
right_child=3 2 4 9 8 6 7 -9 -10 -11 -12 12 14 -15 15 -17 -18 18 20 -21 22 -23 -24
leaf_value=-0.11234973476578791 0.019824483811057041 0.0016090180503115768 -0.066615364037454133 0.039257407170676051 -0.017850146135315298 -0.060737400727812196 -0.10305775426328184 -0.07445543085535368 -0.038374533976117772 0.026593515723943712 0.028228910967256084 0.053779085183685474 0.037682745362753456 -0.073046681112968012 0.039700435171835129 0.050648180380463606 0.011975330236399996 0.050267796621968355 0.038458707965910437 0.041992510631680496 0.047909522168338298 0.03296084314185594 0.041975407550732299
leaf_weight=21 28 21 25 21 20 20 20 36 30 20 33 22 23 26 32 25 29 24 20 20 20 28 21
leaf_count=21 28 21 25 21 20 20 20 36 30 20 33 22 23 26 32 25 29 24 20 20 20 28 21
internal_value=3.25167e-10 -0.0609803 -0.0327066 0.0364882 -0.042315 -0.0830476 -0.0770148 -0.0846705 -0.0301648 0.0417419 0.0203769 0.0429254 0.0449291 -0.0676948 0.0437491 0.0447316 0.0158311 0.0434674 0.0448856 0.0374951 0.042768 0.0356594 0.0448701
internal_weight=585 219 96 366 75 123 102 56 50 276 90 256 187 46 165 142 57 117 85 69 61 49 41
internal_count=585 219 96 366 75 123 102 56 50 276 90 256 187 46 165 142 57 117 85 69 61 49 41
is_linear=0
shrinkage=0.1


Tree=23
num_leaves=23
num_cat=0
split_feature=0 0 0 0 0 0 1 0 0 0 1 0 0 0 0 1 1 1 1 0 1 1
split_gain=105.805 8.56021 4.35532 1.80029 1.0478 1.04662 0.670131 0.437122 0.228328 0.214603 0.181404 0.14771 0.135567 0.0624045 0.0459031 0.0381419 0.0371226 0.0302767 0.0385293 0.0288816 0.0720239 0.00761741
threshold=201.69805069181615 197.37433570284369 206.25826842490335 194.62124319712419 200.33853492967094 204.62257565933058 -0.070000000000007376 208.25305407766822 201.40240379651138 196.86338056825869 0.14499999999999605 207.83065761649408 205.99601539021734 208.73160335209448 208.13107691347639 0.04000000000000626 -1.0000000180025095e-35 0.025000000000005688 0.094999999999998877 208.52795719478243 -0.079999999999998281 -0.16500000000000623
decision_type=2 2 2 2 2 2 2 2 2 2 2 2 2 2 2 2 2 2 2 2 2 2
left_child=1 3 5 6 -3 -2 -1 10 -6 15 11 16 -7 17 -13 -5 21 19 -19 20 -9 -4
right_child=2 4 7 9 8 12 -8 13 -10 -11 -12 14 -14 -15 -16 -17 -18 18 -20 -21 -22 -23
leaf_value=-0.079500252516432252 -0.0039608541503548629 -0.044679715194237919 0.027875738283619285 -0.072681476229003492 -0.014543727523691596 0.023816388001044592 -0.10479195460677147 0.035787558806343725 -0.029290099583920981 -0.059823373411640984 0.024427746354856276 0.040688822784971809 0.013732982923587165 0.045523559825406193 0.034792607342419422 -0.066963689886033545 0.034224419916669531 0.034735528525450955 0.04010137448785827 0.043425051832635855 0.043304944418370725 0.030602649084868885
leaf_weight=22 30 39 20 28 21 30 20 26 21 33 22 31 24 21 23 20 24 23 32 29 25 21
leaf_count=22 30 39 20 28 21 30 20 26 21 33 22 31 24 21 23 20 24 23 32 29 25 21
internal_value=2.55915e-10 -0.0581196 0.0311191 -0.0747429 -0.0328768 0.011015 -0.0915439 0.0368052 -0.0219169 -0.0660312 0.0327699 0.0343121 0.0193349 0.0404525 0.0381775 -0.0702991 0.0311009 0.0396636 0.0378575 0.0409053 0.0394726 0.0292724
internal_weight=585 204 381 123 81 84 42 297 42 81 141 119 54 156 54 48 65 135 55 80 51 41
internal_count=585 204 381 123 81 84 42 297 42 81 141 119 54 156 54 48 65 135 55 80 51 41
is_linear=0
shrinkage=0.1


Tree=24
num_leaves=25
num_cat=0
split_feature=0 0 0 0 1 0 1 0 1 0 1 1 1 0 0 0 1 1 0 1 0 1 1 1
split_gain=85.702 6.94221 3.56718 1.60779 1.06975 1.41337 0.898485 1.06425 0.838423 0.454544 0.402824 0.157613 0.109769 0.0988513 0.070953 0.070379 0.109865 0.0381327 0.0837984 0.0341215 0.0330585 0.0266245 0.0336654 0.014259
threshold=201.69805069181615 197.68105491724808 206.04592099438 193.98444641620117 -0.19499999999999315 204.62257565933058 -0.24500000000000452 194.7998817201279 0.084999999999993761 208.00074442552994 -0.17000000000000168 -0.17999999999999258 0.14499999999999605 208.34171212041636 206.95478491297249 196.24445711450065 0.045000000000001712 -0.12499999999999999 207.63370737756614 0.01500000000000057 208.73160335209448 0.10999999999999945 0.025000000000005688 -0.049999999999997151
decision_type=2 2 2 2 2 2 2 2 2 2 2 2 2 2 2 2 2 2 2 2 2 2 2 2
left_child=1 3 4 -1 -2 -6 -5 -8 10 12 -3 -11 14 19 -4 -9 -17 -16 -19 -13 21 22 23 -15
right_child=2 8 9 6 5 -7 7 15 -10 11 -12 13 -14 20 17 16 -18 18 -20 -21 -22 -23 -24 -25
leaf_value=-0.09208080839543116 0.027616346916183834 -0.028753502791126567 0.023808396100066603 -0.042699913159012795 -0.019628253614618667 0.01397168630914342 -0.085791239577035106 -0.064766228292137393 -0.043110544658783417 0.043199295084923511 -0.010695380948129156 0.033011201220591938 0.020934571782127025 0.034285095132887362 0.033699471876025199 -0.052138024717569356 -0.062173426329779125 0.025167043458808352 0.033481284281746911 0.027884401322253762 0.039899550378322601 0.038676815202925353 0.03147815189586254 0.03759941914705215
leaf_weight=21 20 30 20 20 21 31 21 20 27 24 21 34 20 25 25 20 24 27 22 21 20 20 24 27
leaf_count=21 20 30 20 20 21 31 21 20 27 24 21 34 20 25 25 20 24 27 22 21 20 20 24 27
internal_value=2.08055e-10 -0.0523076 0.0280072 -0.0668219 0.00796189 0.00040248 -0.0617701 -0.0662572 -0.0288614 0.032678 -0.0213178 0.0356105 0.0276618 0.0345454 0.0290931 -0.0598476 -0.0576119 0.0305214 0.0289 0.0310537 0.036201 0.0354305 0.0345761 0.036006
internal_weight=585 204 381 126 72 52 105 85 78 309 51 195 114 171 94 64 44 74 49 55 116 96 76 52
internal_count=585 204 381 126 72 52 105 85 78 309 51 195 114 171 94 64 44 74 49 55 116 96 76 52
is_linear=0
shrinkage=0.1


Tree=25
num_leaves=23
num_cat=0
split_feature=0 0 0 1 0 1 0 0 1 0 1 0 0 0 0 1 1 1 0 0 0 0
split_gain=69.6076 4.71005 3.74755 1.29178 2.12241 1.12689 1.95616 1.09591 0.412389 0.355808 0.217485 0.687589 0.115647 0.0944026 0.0552966 0.0348583 0.0273195 0.0426865 0.065408 0.0399321 0.0161112 0.0109633
threshold=201.59911937592662 197.10927215269015 206.04592099438 -0.26000000000000506 199.3798270110054 -0.20499999999998406 203.55888238073373 193.98444641620117 0.22500000000000855 207.7051744133681 -0.049999999999997151 195.4796092834201 208.60019281397311 195.92688364319253 207.14619527209479 -0.064999999999997712 0.094999999999998877 -0.034999999999996582 208.3072570887426 208.16616359089667 208.51984023750109 205.93808991928987
decision_type=2 2 2 2 2 2 2 2 2 2 2 2 2 2 2 2 2 2 2 2 2 2
left_child=1 7 5 -3 -5 -2 -7 -1 9 14 13 -12 16 -9 -4 -16 17 18 -11 -19 -21 -8
right_child=2 3 8 4 -6 6 21 10 -10 12 11 -13 -14 -15 15 -17 -18 19 -20 20 -22 -23
leaf_value=-0.082872726626339419 0.025182517697768553 -0.0094380064379601253 0.021452462005489059 -0.055028081225121733 -0.018202804851120916 -0.027268041800707576 0.0093794409930706025 -0.047211887636221944 0.016215342410247437 0.036427476030463972 -0.076263770060613759 -0.052162023530951868 0.038038025564993874 -0.056811624268690741 0.023637271001935009 0.029063987035047392 0.034713761083548893 0.026405437476933004 0.030144125283569901 0.029823112415356769 0.033363012783229354 0.012690531437983738
leaf_weight=21 21 21 31 34 29 20 20 20 22 30 20 29 33 21 20 29 24 27 37 36 20 20
leaf_count=21 21 21 31 34 29 20 20 20 22 30 20 29 33 21 20 29 24 27 37 36 20 20
internal_value=1.39141e-10 -0.0487827 0.0243913 -0.0309171 -0.0380768 0.00524533 -0.00173269 -0.0623026 0.0294102 0.0304216 -0.0575028 -0.0619995 0.0326105 -0.0521288 0.0247578 0.026849 0.0315812 0.03108 0.0329576 0.0295643 0.0310874 0.011035
internal_weight=585 195 390 84 63 81 60 111 309 287 90 49 207 41 80 49 174 150 67 83 56 40
internal_count=585 195 390 84 63 81 60 111 309 287 90 49 207 41 80 49 174 150 67 83 56 40
is_linear=0
shrinkage=0.1


Tree=26
num_leaves=23
num_cat=0
split_feature=0 0 0 1 0 0 1 1 1 0 0 1 0 1 1 0 0 1 1 1 0 0
split_gain=56.3998 4.54207 2.61188 1.6122 0.887689 0.852987 0.307833 0.226875 0.176163 0.556947 0.133844 0.130984 0.0764661 0.0662653 0.0623994 0.102679 0.0577482 0.0282352 0.0238307 0.0378678 0.0614722 0.100919
threshold=201.32901389860635 204.62257565933058 197.10927215269015 0.01500000000000057 193.98444641620117 207.14619527209479 0.22500000000000855 0.094999999999998877 -0.049999999999997151 195.4796092834201 208.53460367561681 -0.23499999999998519 195.92688364319253 1.0000000180025095e-35 0.084999999999993761 206.01441221245105 207.7051744133681 -0.064999999999997712 -0.15500000000000111 -0.070000000000007376 208.16616359089667 208.37270161559914
decision_type=2 2 2 2 2 2 2 2 2 2 2 2 2 2 2 2 2 2 2 2 2 2
left_child=2 7 4 11 -1 14 10 -2 12 -10 16 -4 -6 -12 15 -3 17 -7 -18 -20 -21 -22
right_child=1 5 3 -5 8 6 -8 -9 9 -11 13 -13 -14 -15 -16 -17 18 -19 19 20 21 -23
leaf_value=-0.074585453465226145 -0.011470238982953809 0.013192078297336896 -0.012872773818671704 -0.049793374174207983 -0.042490698806941507 0.021273543387651445 0.015475144982337952 0.0018258315998883473 -0.068637392027303581 -0.046945821519555724 0.035997323345007569 -0.024180518622909274 -0.051130461621852155 0.029113077634462605 0.010613708859309554 0.021869514767080545 0.031004870797429859 0.026157587933442396 0.023991675962073109 0.024922218557228062 0.033997544520260659 0.026347955832523962
leaf_weight=21 33 30 20 28 20 20 20 21 20 29 29 21 21 27 20 25 24 29 24 34 34 35
leaf_count=21 33 30 20 28 20 20 20 21 20 29 29 21 21 27 20 25 24 29 24 34 34 35
internal_value=1.40405e-10 0.0207 -0.0465749 -0.0312965 -0.0560723 0.0248537 0.0274235 -0.00629954 -0.0517526 -0.0557995 0.028357 -0.0186645 -0.0469159 0.0326781 0.015397 0.0171364 0.027147 0.0241641 0.028115 0.0275689 0.0284024 0.0301173
internal_weight=585 405 180 69 111 351 276 54 90 49 256 41 41 56 75 55 200 49 151 127 103 69
internal_count=585 405 180 69 111 351 276 54 90 49 256 41 41 56 75 55 200 49 151 127 103 69
is_linear=0
shrinkage=0.1


Tree=27
num_leaves=23
num_cat=0
split_feature=0 0 0 1 0 1 0 1 1 0 1 1 1 1 1 1 1 1 0 0 0 0
split_gain=45.7553 3.10097 2.43238 1.66797 1.56625 0.947982 1.45326 0.29922 0.272628 0.233505 0.124556 0.244414 0.0954316 0.0600295 0.0412071 0.0534584 0.0613662 0.0368933 0.0450057 0.0290032 0.0252743 0.0058247
threshold=201.59911937592662 198.92269653010081 206.04592099438 -0.2900000000000062 194.7998817201279 -0.20499999999998406 203.55888238073373 -0.12499999999999999 0.22500000000000855 207.7051744133681 0.27500000000000574 0.045000000000001712 -0.19499999999999315 0.12500000000000003 0.079999999999998309 -0.10000000000000851 -0.025000000000005681 -0.12499999999999999 207.5135237461628 208.52584786471132 208.27883471063149 205.93808991928987
decision_type=2 2 2 2 2 2 2 2 2 2 2 2 2 2 2 2 2 2 2 2 2 2
left_child=1 3 5 -1 -5 -2 -7 -3 9 17 11 -6 -11 14 15 -14 -17 -4 -19 20 -18 -8
right_child=2 7 8 4 10 6 21 -9 -10 12 -12 -13 13 -15 -16 16 19 18 -20 -21 -22 -23
leaf_value=-0.025269910082991783 0.022636893620559328 -0.026065917109901256 0.023147895473700303 -0.068754127369213255 -0.041343456373323463 -0.024059017403051261 0.0077485753782093525 -0.010219983144018514 0.013090488898821855 0.032804636302448453 -0.037263077872339637 -0.054470712853514625 0.021798879338492609 0.030728753365664965 0.020797033198177814 0.02983096492214081 0.025485072668754695 0.016348764596178251 0.022327041197568179 0.028030879820951007 0.021109317361631179 0.010162017635302618
leaf_weight=29 21 22 26 38 37 20 20 26 22 21 20 23 29 21 20 39 33 34 20 22 22 20
leaf_count=29 21 22 26 38 37 20 20 26 22 21 20 23 29 21 20 39 33 34 20 22 22 20
internal_value=7.33715e-11 -0.039551 0.0197755 -0.046757 -0.0520377 0.00435069 -0.00204947 -0.0174827 0.0238189 0.0246413 -0.0440974 -0.0463756 0.0264145 0.0256931 0.0250522 0.0256391 0.0265991 0.0200531 0.0185629 0.0249622 0.0237348 0.0089553
internal_weight=585 195 390 147 118 81 60 48 309 287 80 60 207 186 165 145 116 80 54 77 55 40
internal_count=585 195 390 147 118 81 60 48 309 287 80 60 207 186 165 145 116 80 54 77 55 40
is_linear=0
shrinkage=0.1


Tree=28
num_leaves=23
num_cat=0
split_feature=0 0 0 1 1 0 0 0 1 1 0 0 0 0 1 1 1 0 1 1 0 0
split_gain=37.075 2.93587 1.80983 1.34209 0.644393 0.96954 0.595653 0.574862 0.205582 0.199285 0.102309 0.0583676 0.113529 0.0440334 0.0575995 0.0421025 0.0329312 0.0263499 0.0252745 0.0216502 0.0145236 0.0109105
threshold=201.32901389860635 204.62257565933058 196.86338056825869 0.01500000000000057 -0.24500000000000452 194.7998817201279 198.59827739408234 207.14619527209479 0.094999999999998877 0.22500000000000855 208.60019281397311 205.99601539021734 206.25826842490335 207.91903694607495 0.074999999999988645 -0.12499999999999999 -0.16500000000000623 208.34171212041636 0.049999999999997165 -0.034999999999996582 197.95816606662197 208.1923441811243
decision_type=2 2 2 2 2 2 2 2 2 2 2 2 2 2 2 2 2 2 2 2 2 2
left_child=2 8 4 6 -1 -6 -4 11 -2 10 13 -3 -13 14 15 -9 -15 21 19 -19 -5 -18
right_child=1 7 3 20 5 -7 -8 9 -10 -11 -12 12 -14 16 -16 -17 17 18 -20 -21 -22 -23
leaf_value=-0.031958930622786284 -0.0098458918206619506 0.01577584329682092 -0.027298838244034698 -0.04329302305355668 -0.063749384031527564 -0.040202079034026936 -0.0054519538457194969 0.021653819341389907 0.002810860975157647 0.012618581512942912 0.028180051965737776 0.005383012922053846 0.015451034495518321 0.026939980749739335 0.024637344889342785 0.01573052800210592 0.022418418305891533 0.024660707414150239 0.026409342199563979 0.02057675785833487 -0.039482044398901052 0.019647545162588362
leaf_weight=20 33 30 26 20 36 34 24 21 21 20 33 24 21 20 20 28 27 25 25 27 20 30
leaf_count=20 33 30 26 20 36 34 24 21 21 20 33 24 21 20 20 28 27 25 25 27 20 30
internal_value=3.96409e-11 0.0167831 -0.0377619 -0.0277346 -0.0477892 -0.0523121 -0.0168123 0.0201226 -0.00492382 0.0222322 0.0229833 0.0123592 0.0100814 0.0222143 0.020115 0.0182691 0.0231549 0.0225899 0.0237964 0.0225402 -0.0413875 0.0209601
internal_weight=585 405 180 90 90 70 50 351 54 276 256 75 45 223 69 49 154 134 77 52 40 57
internal_count=585 405 180 90 90 70 50 351 54 276 256 75 45 223 69 49 154 134 77 52 40 57
is_linear=0
shrinkage=0.1


Tree=29
num_leaves=23
num_cat=0
split_feature=0 0 0 1 0 1 0 0 0 1 1 1 0 1 1 0 0 0 0 1 1 0
split_gain=30.0774 2.05702 1.6122 0.808353 1.17418 0.801155 1.07087 0.552954 0.195795 0.150858 0.0965045 0.046877 0.0468267 0.0355951 0.0309777 0.0302675 0.0277767 0.0299143 0.0271647 0.0240296 0.0539922 0.00397846
threshold=201.59911937592662 197.10927215269015 206.04592099438 -0.26000000000000506 200.33853492967094 -0.20499999999998406 203.55888238073373 193.98444641620117 208.34171212041636 0.17000000000000173 0.11500000000000911 -0.12499999999999999 207.83065761649408 -0.040000000000006246 -1.0000000180025095e-35 208.16616359089667 208.73160335209448 208.44172820447946 207.44598520604424 -0.055000000000006814 0.01500000000000057 205.93808991928987
decision_type=2 2 2 2 2 2 2 2 2 2 2 2 2 2 2 2 2 2 2 2 2 2
left_child=1 7 5 -3 -5 -2 -7 -1 9 12 11 -9 14 -14 18 -15 17 -10 -4 -19 -21 -8
right_child=2 3 8 4 -6 6 21 10 16 -11 -12 -13 13 15 -16 -17 -18 19 -20 20 -22 -23
leaf_value=-0.055613127971688908 0.020286179838391642 -0.0032692435951459974 0.01725500642011563 -0.036997311581906521 -0.0090926802903413782 -0.021301363650709393 0.0060413005016744141 -0.038246470304398705 0.024534352541161722 0.0098135231460522235 -0.042341457300915805 -0.032695477025117728 0.022827514183932338 0.016242840503608542 0.019018243084992132 0.021199432963674721 0.02562651216451611 0.023268682576715948 0.012390215536156162 0.015531406152461256 0.021945210509002208 0.0080359090876299891
leaf_weight=21 21 21 24 38 25 20 20 29 27 24 29 32 29 28 31 22 21 25 22 21 35 20
leaf_count=21 21 21 24 38 25 20 20 29 27 24 29 32 29 28 31 22 21 25 22 21 35 20
internal_value=1.24617e-10 -0.0320669 0.0160335 -0.0202603 -0.025924 0.00347564 -0.00240805 -0.0410016 0.0193253 0.0171943 -0.0375923 -0.0353345 0.0183298 0.0200403 0.0165749 0.0184237 0.0222988 0.0216517 0.0149284 0.0206909 0.01954 0.0070386
internal_weight=585 195 390 84 63 81 60 111 309 180 90 61 156 79 77 50 129 108 46 81 56 40
internal_count=585 195 390 84 63 81 60 111 309 180 90 61 156 79 77 50 129 108 46 81 56 40
is_linear=0
shrinkage=0.1


Tree=30
num_leaves=23
num_cat=0
split_feature=0 0 0 1 0 1 0 1 0 1 0 1 0 1 0 0 0 1 0 1 0 0
split_gain=24.3627 1.66685 1.30588 0.648935 0.867406 0.519197 0.834785 0.496688 0.836521 0.172885 0.120345 0.0639943 0.0599759 0.0473892 0.0486921 0.0341862 0.0599479 0.029109 0.0312849 0.0289641 0.0283924 0.00322256
threshold=201.59911937592662 196.94959994629468 206.04592099438 -0.20499999999998406 203.55888238073373 -0.2900000000000062 200.33853492967094 -0.24500000000000452 194.7998817201279 0.22500000000000855 207.7051744133681 -0.19499999999999315 198.14957405151569 -0.10000000000000851 208.16616359089667 208.37270161559914 208.48814170570833 -0.12499999999999999 207.5135237461628 1.0000000180025095e-35 196.24445711450065 205.93808991928987
decision_type=2 2 2 2 2 2 2 2 2 2 2 2 2 2 2 2 2 2 2 2 2 2
left_child=1 7 3 -2 -5 -3 12 -1 -9 10 17 -12 -7 -13 -15 -16 -17 -4 -19 -18 -10 -6
right_child=2 5 9 4 21 6 -8 8 20 -11 11 13 -14 14 15 16 19 18 -20 -21 -22 -23
leaf_value=-0.024713283675638114 0.018257562574442655 -0.0051355564221739775 0.017502779893290538 -0.019171227626502516 0.0054371698573231694 -0.027854294297767097 -0.0087101640179753307 -0.052873962346671355 -0.034680381892248993 0.0088494200259447101 0.024553471874623076 0.015015963577978506 -0.034871509334161166 0.016066309633007383 0.022883495784087764 0.014452126729302109 0.023067931644618511 0.011584087565322133 0.016568448441103101 0.018847057691498387 -0.029415745642923177 0.0072323181945830586
leaf_weight=22 21 20 26 20 20 29 26 36 20 22 21 29 21 34 37 20 29 34 20 37 21 20
leaf_count=22 21 20 26 20 20 29 26 36 20 22 21 29 21 34 37 20 29 34 20 37 21 20
internal_value=1.58434e-10 -0.0288602 0.0144301 0.00312807 -0.00216725 -0.0194714 -0.023244 -0.0379646 -0.0417507 0.0173928 0.0180477 0.0193207 -0.0308015 0.0187299 0.0194159 0.0203418 0.0192483 0.0147538 0.0134301 0.0207017 -0.0319839 0.00633474
internal_weight=585 195 390 81 60 96 76 99 77 309 287 207 50 186 157 123 86 80 54 66 41 40
internal_count=585 195 390 81 60 96 76 99 77 309 287 207 50 186 157 123 86 80 54 66 41 40
is_linear=0
shrinkage=0.1


Tree=31
num_leaves=22
num_cat=0
split_feature=0 0 0 1 0 1 0 0 1 0 1 1 0 0 1 1 1 0 1 0 0
split_gain=19.7338 1.36604 1.05893 0.566526 0.821291 0.56106 0.741713 0.392975 0.144875 0.0793707 0.0598039 0.0873763 0.0853703 0.0797966 0.059137 0.0473043 0.0456771 0.198768 0.0288481 0.0244788 0.0107722
threshold=201.59911937592662 197.10927215269015 206.17075764789089 -0.26000000000000506 199.3798270110054 -0.22499999999999429 203.55888238073373 194.12528039589668 0.22500000000000855 208.53460367561681 -0.010000000000005114 0.01500000000000057 207.91903694607495 208.3072570887426 -0.019999999999996017 1.0000000180025095e-35 -0.049999999999997151 195.7333923122564 -0.15500000000000111 208.18345510640191 207.54592492091749
decision_type=2 2 2 2 2 2 2 2 2 2 2 2 2 2 2 2 2 2 2 2 2
left_child=1 7 5 -3 -5 -2 -7 -1 9 10 12 -12 18 -14 -8 -11 -9 -18 -4 20 -13
right_child=2 3 8 4 -6 6 14 16 -10 15 11 19 13 -15 -16 -17 17 -19 -20 -21 -22
leaf_value=-0.043750147286940509 0.017961025424301624 -0.0021285418243635269 0.012883026544004679 -0.031639055820072398 -0.0087314147566413067 -0.01725410533428658 0.009860091311857104 -0.027253686912307468 0.0079644778171892878 0.022564277409351078 0.021382273906869267 0.015405727472439732 0.020219932310283184 0.0129618611130299 0.0026857577195322072 0.016747754688064258 -0.039506873795762662 -0.026353856978972481 0.0078554613693129459 0.017297867172070453 0.012377197877503932
leaf_weight=27 20 21 25 34 29 20 20 37 22 29 34 23 28 33 27 27 20 27 21 37 24
leaf_count=27 20 21 25 34 29 20 20 37 22 29 34 23 28 33 27 27 20 27 21 37 24
internal_value=1.05649e-10 -0.0259742 0.0129871 -0.0163528 -0.0210943 0.00326271 -0.00112485 -0.0332552 0.0157793 0.0163911 0.0155526 0.0171051 0.0138406 0.0162934 0.00573867 0.0197599 -0.0298819 -0.0319509 0.0105878 0.0153739 0.0138592
internal_weight=585 195 390 84 63 87 67 111 303 281 225 118 107 61 47 56 84 47 46 84 47
internal_count=585 195 390 84 63 87 67 111 303 281 225 118 107 61 47 56 84 47 46 84 47
is_linear=0
shrinkage=0.1


Tree=32
num_leaves=22
num_cat=0
split_feature=0 0 1 0 0 1 0 0 1 0 1 0 1 1 0 1 0 1 0 1 1
split_gain=15.9844 1.1065 0.872511 2.02511 0.584106 0.458886 0.665246 0.328629 0.114897 0.0679656 0.0571942 0.0637882 0.0546272 0.0543759 0.0479925 0.161853 0.0531832 0.0283245 0.0331078 0.0251284 0.0105043
threshold=201.59911937592662 197.10927215269015 -0.35500000000000392 202.41911172668947 206.17075764789089 -0.26000000000000506 199.3798270110054 193.98444641620117 0.22500000000000855 208.60019281397311 0.11500000000000911 195.2133744255585 -0.010000000000005114 1.0000000180025095e-35 207.96975098836759 -0.12499999999999999 208.3072570887426 0.049999999999997165 208.18345510640191 0.094999999999998877 -0.089999999999989186
decision_type=2 2 2 2 2 2 2 2 2 2 2 2 2 2 2 2 2 2 2 2 2
left_child=1 7 -2 -4 19 -3 -7 -1 9 12 11 -9 14 -14 15 -6 -16 -15 -19 -5 -18
right_child=2 5 3 4 8 6 -8 10 -10 -11 -12 -13 13 17 16 -17 20 18 -20 -21 -22
leaf_value=-0.041193994649109389 0.031033262335272 -0.0019156873935744876 -0.019622828625142575 0.0011454325222396567 0.015694318059831857 -0.028475149907171728 -0.0078582738622509207 -0.021100243730914028 0.0071680298466658731 0.018935356198838266 -0.030957509853459637 -0.027906300899339844 0.019649253953248264 0.012231391681534415 0.017974589616009642 0.0032646606629714373 0.010404653459720846 0.013477369345990677 0.017826936771827086 0.0056125253951177 0.013606864418834448
leaf_weight=21 22 21 21 34 22 34 29 21 22 33 29 40 25 37 23 20 21 35 35 20 20
leaf_count=21 22 21 21 34 22 34 29 21 22 33 29 40 25 37 23 20 21 35 35 20 20
internal_value=5.33719e-11 -0.0233768 0.0116884 0.0105319 0.0123568 -0.0147176 -0.0189848 -0.0299297 0.0141182 0.0146824 -0.0273014 -0.0255632 0.0140927 0.0154503 0.0124021 0.00977543 0.0141258 0.0144693 0.0156522 0.00279991 0.0119667
internal_weight=585 195 390 368 347 84 63 111 293 271 90 61 238 132 106 42 64 107 70 54 41
internal_count=585 195 390 368 347 84 63 111 293 271 90 61 238 132 106 42 64 107 70 54 41
is_linear=0
shrinkage=0.1


Tree=33
num_leaves=23
num_cat=0
split_feature=0 1 0 1 0 0 0 1 1 0 1 0 1 1 1 1 0 0 1 0 1 1
split_gain=12.9473 0.917083 1.00654 0.706734 1.64034 0.473126 0.382326 0.297291 0.253239 0.0985082 0.12146 0.0978303 0.0614327 0.104795 0.0282891 0.0471239 0.0681877 0.0371771 0.0249338 0.0338015 0.0302947 0.020354
threshold=201.59911937592662 0.38000000000000972 198.59827739408234 -0.35500000000000392 202.41911172668947 206.17075764789089 194.62124319712419 -0.17000000000000168 0.10999999999999945 208.34171212041636 0.17000000000000173 196.86338056825869 -0.070000000000007376 -0.15500000000000111 0.13000000000000969 1.0000000180025095e-35 208.58506996784129 208.47805913755624 0.01500000000000057 207.78770902457691 -0.010000000000005114 0.094999999999998877
decision_type=2 2 2 2 2 2 2 2 2 2 2 2 2 2 2 2 2 2 2 2 2 2
left_child=1 2 6 -2 -5 21 -1 -4 11 10 12 -8 13 -7 15 16 17 -11 20 -20 -14 -6
right_child=3 -3 7 4 5 9 8 -9 -10 14 -12 -13 18 -15 -16 -17 -18 -19 19 -21 -22 -23
leaf_value=-0.031903069989906774 0.027929936317642307 -0.040269970081069251 -0.015088607497851958 -0.017660545744001867 0.0010308891784755842 0.013158331620948519 -0.027159361721112815 0.00057154267819391365 -0.01020268409379891 0.016426484127129829 0.0043498996301027746 -0.019402093455396795 0.012483285386115314 0.0037490874412469568 0.017805704474449159 0.011198992311098688 0.020202912737361411 0.010606915888417027 0.014761366497259587 0.0094540216727182283 0.017704899435862897 0.0050512733496725568
leaf_weight=37 22 22 22 21 34 29 29 27 21 21 23 37 20 20 25 37 22 23 24 24 25 20
leaf_count=37 22 22 22 21 34 29 29 27 21 21 23 37 20 20 25 37 22 23 24 24 25 20
internal_value=1.47629e-10 -0.0210391 -0.0185936 0.0105196 0.00947872 0.0111211 -0.0233885 -0.00645955 -0.0197673 0.0127064 0.0110914 -0.0228106 0.0121833 0.00931782 0.0147882 0.0140557 0.0156573 0.0133844 0.0136931 0.0121077 0.0153842 0.00251992
internal_weight=585 195 173 390 368 347 124 49 87 293 165 66 142 49 128 103 66 44 93 48 45 54
internal_count=585 195 173 390 368 347 124 49 87 293 165 66 142 49 128 103 66 44 93 48 45 54
is_linear=0
shrinkage=0.1


Tree=34
num_leaves=24
num_cat=0
split_feature=0 1 1 1 0 1 0 0 1 1 1 1 0 1 1 1 0 0 0 1 0 1 0
split_gain=10.4873 0.742837 0.94973 1.01559 0.753127 0.572455 1.32867 0.383232 0.291428 0.359241 0.227324 0.0882836 0.0474738 0.0549278 0.0796237 0.0657289 0.0360545 0.0658151 0.0479879 0.0322391 0.0287856 0.0266116 0.018745
threshold=201.59911937592662 0.38000000000000972 0.22500000000000855 0.084999999999993761 198.59827739408234 -0.35500000000000392 202.41911172668947 206.17075764789089 -0.34499999999999881 -0.14999999999999145 -0.049999999999997151 0.22500000000000855 208.53460367561681 -0.070000000000007376 -0.12499999999999999 -0.025000000000005681 207.53054366993638 207.84303388433872 208.16616359089667 1.0000000180025095e-35 208.37270161559914 -0.19499999999999315 205.9720433603934
decision_type=2 2 2 2 2 2 2 2 2 2 2 2 2 2 2 2 2 2 2 2 2 2 2
left_child=1 2 3 4 8 -2 -7 22 -1 -10 -11 12 13 14 21 -15 -17 -18 -19 -14 -20 -9 -8
right_child=5 -3 -4 -5 -6 6 7 11 9 10 -12 -13 19 15 -16 16 17 18 20 -21 -22 -23 -24
leaf_value=-0.011161064504024883 0.025136942509561777 -0.036242973025549539 0.0037588957138359547 -0.038301785228153071 -0.0036179845661131874 -0.015894490786428964 0.0038727592834601962 0.0089084282517433167 -0.033834480013077456 -0.010738298883661629 -0.025041862532496451 0.0053434465588493782 0.016838842737970167 0.017243151625861292 0.0042648596339859074 0.0079422585084103058 0.017091469068757512 0.0069399054627865553 0.01464639031488834 0.012037038423672871 0.010151212715676853 0.013885215572504836 0.00010489557424317236
leaf_weight=24 22 22 20 24 36 21 31 21 24 20 25 22 29 23 24 24 22 22 29 27 28 22 23
leaf_count=24 22 22 20 24 36 21 31 21 24 20 25 22 29 23 24 24 22 22 29 27 28 22 23
internal_value=8.17892e-11 -0.0189352 -0.0167342 -0.019413 -0.0158989 0.0094676 0.00853084 0.010009 -0.0206527 -0.0239542 -0.0186847 0.0114357 0.0119303 0.0112548 0.00887923 0.0123302 0.0114263 0.0122542 0.0109071 0.0145237 0.0124382 0.0114547 0.00226793
internal_weight=585 195 173 153 129 390 368 347 93 69 45 293 271 215 67 148 125 101 79 56 57 43 54
internal_count=585 195 173 153 129 390 368 347 93 69 45 293 271 215 67 148 125 101 79 56 57 43 54
is_linear=0
shrinkage=0.1


Tree=35
num_leaves=21
num_cat=0
split_feature=0 1 0 1 1 0 0 1 1 1 1 1 1 1 1 0 0 1 1 0
split_gain=8.51827 0.71923 0.724449 0.63275 0.63467 1.03127 0.153594 0.12981 0.26731 0.178142 0.0746328 0.074208 0.0661568 0.0623061 0.0462856 0.0354844 0.0277514 0.0200888 0.0224537 0.00789693
threshold=201.32901389860635 -0.2900000000000062 194.7998817201279 0.32499999999998869 0.21500000000000344 204.62257565933058 207.83065761649408 0.084999999999993761 0.26000000000000517 -0.040000000000006246 -0.19499999999999315 -0.16500000000000623 -0.025000000000005681 -0.10000000000000851 -0.055000000000006814 208.16616359089667 206.8822353163894 0.10999999999999945 0.06499999999999774 208.47805913755624
decision_type=2 2 2 2 2 2 2 2 2 2 2 2 2 2 2 2 2 2 2 2
left_child=1 -1 -3 4 5 -2 11 9 -9 -4 -8 -7 -13 -12 -15 -16 -14 18 19 -17
right_child=3 2 7 -5 -6 6 10 8 -10 -11 13 12 16 14 15 17 -18 -19 -20 -21
leaf_value=-0.005881034470114269 -0.0074996811606419774 -0.033186804954158634 -0.018114548013545572 -0.0092975508794188502 0.024032576012317664 0.003032431629087244 0.017225943650119008 -0.028982861238447108 -0.013869017809629442 -0.0065251828437404976 0.0062591650151052119 0.01209718182362849 0.0034033649787306788 0.01603935032617301 0.0077165443217381835 0.013261328792820375 0.0080978150137097533 0.01457461878657341 0.0081220899056643255 0.011024605523255702
leaf_weight=38 39 38 36 20 26 35 20 22 25 21 26 32 20 20 28 27 34 20 20 38
leaf_count=38 39 38 36 20 26 35 20 22 25 21 26 32 20 20 28 27 34 20 20 38
internal_value=-9.89257e-11 -0.0181004 -0.0213704 0.00804464 0.00894553 0.00785288 0.00972397 -0.0170529 -0.0209436 -0.0138448 0.0114323 0.00691436 0.00849422 0.010785 0.0115541 0.0108796 0.00635913 0.0117231 0.0110521 0.0119537
internal_weight=585 180 142 405 385 359 320 104 47 57 199 121 86 179 153 133 54 105 85 65
internal_count=585 180 142 405 385 359 320 104 47 57 199 121 86 179 153 133 54 105 85 65
is_linear=0
shrinkage=0.1


Tree=36
num_leaves=21
num_cat=0
split_feature=0 1 0 1 1 0 0 0 1 1 1 1 1 1 1 0 0 1 0 0
split_gain=6.8998 0.582576 0.586804 0.512528 0.514083 0.835325 0.124411 0.114654 0.141109 0.130987 0.0604526 0.0601085 0.053587 0.050468 0.0374913 0.0287423 0.0224786 0.0162719 0.0198082 0.0262447
threshold=201.32901389860635 -0.2900000000000062 194.7998817201279 0.32499999999998869 0.21500000000000344 204.62257565933058 207.83065761649408 198.92269653010081 0.27500000000000574 0.045000000000001712 -0.19499999999999315 -0.16500000000000623 -0.025000000000005681 -0.10000000000000851 -0.055000000000006814 208.16616359089667 206.8822353163894 0.10999999999999945 208.38471347941754 208.52584786471132
decision_type=2 2 2 2 2 2 2 2 2 2 2 2 2 2 2 2 2 2 2 2
left_child=1 -1 -3 4 5 -2 11 8 9 -4 -8 -7 -13 -12 -15 -16 -14 18 -17 -20
right_child=3 2 7 -5 -6 6 10 -9 -10 -11 13 12 16 14 15 17 -18 -19 19 -21
leaf_value=-0.0052929305937141182 -0.006749712460292265 -0.029868124248950106 -0.015907146839575993 -0.0083677959069609655 0.021629318745376973 0.0027291886455246381 0.015503349439240994 -0.0092855770606547604 -0.0098918738588690755 -0.025517177063485854 0.005633248823981446 0.010887463446124457 0.0030630285013467078 0.014435415598563851 0.0069448902213480324 0.01218434024464201 0.0072880337305832659 0.013117157109081746 0.0060818180009456621 0.010507947026525398
leaf_weight=38 39 38 37 20 26 35 20 24 20 23 26 32 20 20 28 27 34 20 21 37
leaf_count=38 39 38 37 20 26 35 20 24 20 23 26 32 20 20 28 27 34 20 21 37
internal_value=1.02585e-10 -0.0162904 -0.0192334 0.00724018 0.00805098 0.00706759 0.00875157 -0.0153476 -0.0171662 -0.019591 0.0102891 0.00622293 0.0076448 0.00970649 0.0103987 0.00979165 0.00572322 0.0105508 0.00994693 0.00890538
internal_weight=585 180 142 405 385 359 320 104 80 60 199 121 86 179 153 133 54 105 85 58
internal_count=585 180 142 405 385 359 320 104 80 60 199 121 86 179 153 133 54 105 85 58
is_linear=0
shrinkage=0.1


Tree=37
num_leaves=22
num_cat=0
split_feature=0 1 1 0 0 1 0 1 0 1 1 0 1 1 0 0 1 0 0 0 0
split_gain=5.58884 0.488807 0.439333 0.874164 0.425044 0.248959 0.22471 0.192727 0.411732 0.192481 0.0642753 0.031731 0.0502685 0.0445595 0.0489023 0.105283 0.0324744 0.0250457 0.0244648 0.0201339 0.0216557
threshold=201.32901389860635 0.38000000000000972 -0.35500000000000392 202.41911172668947 196.86338056825869 0.01500000000000057 206.17075764789089 -0.24500000000000452 194.7998817201279 -0.17000000000000168 0.22500000000000855 208.65960065218886 -0.010000000000005114 -0.049999999999997151 208.3072570887426 207.78770902457691 1.0000000180025095e-35 205.9720433603934 208.46953803200128 208.10620028390164 207.53054366993638
decision_type=2 2 2 2 2 2 2 2 2 2 2 2 2 2 2 2 2 2 2 2 2
left_child=1 4 -2 -4 7 9 17 -1 -9 -6 11 12 13 14 15 -8 -14 -5 19 20 -18
right_child=2 -3 3 6 5 -7 10 8 -10 -11 -12 -13 16 -15 -16 -17 18 -19 -20 -21 -22
leaf_value=-0.009571417532861233 0.019938780448358992 -0.029000441907417209 -0.0093544551490672995 0.0031546390435147672 -0.0083944805525243277 -0.014734688311094238 0.0058613583755989873 -0.029095037815471493 -0.012234099568533045 0.0042704718187451364 0.0031214239171028814 0.012382098067213189 0.012955756679177286 0.0028059455481442542 0.0049878036538656386 0.014854109534264907 0.00695608732586896 -0.0012006687648270441 0.011420271342309813 0.0061219930317747643 0.011116729842916388
leaf_weight=20 23 21 35 31 30 31 30 30 28 20 22 22 25 22 36 23 22 23 30 32 29
leaf_count=20 23 21 35 31 30 31 30 30 28 20 22 22 25 22 36 23 22 23 30 32 29
internal_value=-2.2905e-11 -0.0146614 0.00651616 0.00570799 -0.0127675 -0.00769383 0.00722726 -0.0180363 -0.0209553 -0.0033285 0.00831972 0.00874173 0.00842009 0.00683583 0.00783198 0.00976387 0.00969438 0.0012996 0.00897284 0.00808823 0.00932194
internal_weight=585 180 405 382 159 81 347 78 58 50 293 271 249 111 89 53 138 54 113 83 51
internal_count=585 180 405 382 159 81 347 78 58 50 293 271 249 111 89 53 138 54 113 83 51
is_linear=0
shrinkage=0.1


Tree=38
num_leaves=21
num_cat=0
split_feature=0 1 1 1 0 0 0 1 0 0 1 1 1 1 0 1 1 0 0 1
split_gain=4.52696 0.419017 0.383432 0.462638 0.580906 0.364786 0.0879846 0.180557 0.211063 0.0854956 0.0572779 0.0440072 0.0405585 0.0370353 0.0360545 0.0594347 0.0160075 0.0275944 0.0248349 0.01406
threshold=201.32901389860635 -0.2900000000000062 0.32499999999998869 0.21500000000000344 204.62257565933058 194.7998817201279 199.21935430206608 0.21500000000000344 197.17957476727727 207.83065761649408 -0.23499999999998519 -0.19499999999999315 -0.10000000000000851 -0.025000000000005681 206.00512992137678 -0.11999999999999032 0.049999999999997165 208.52584786471132 208.27883471063149 0.05999999999998807
decision_type=2 2 2 2 2 2 2 2 2 2 2 2 2 2 2 2 2 2 2 2
left_child=1 -1 3 4 -2 -3 7 8 -7 10 -6 -11 -13 -14 -12 -16 18 -18 -15 -17
right_child=2 5 -4 -5 9 6 -8 -9 -10 11 14 12 13 16 15 19 17 -19 -20 -21
leaf_value=-0.0038684399976199007 -0.0058895943340105126 -0.024076057473001511 -0.0076354061957681551 0.019446874055295035 0.00032569307156584478 -0.012618307712929031 -0.0066664972901344299 -0.0069242976903915402 -0.025110260494762945 0.012760670982534068 0.0024977024280182693 0.0041632305279983069 0.011095274903644356 0.0087187557360502311 0.011542228307752382 0.0069167496981444188 0.010640338968369179 0.0059053166117519137 0.0046822012721427853 0.0037184948317839635
leaf_weight=38 39 38 20 26 22 38 20 25 21 20 23 26 39 27 21 27 32 20 35 28
leaf_count=38 39 38 20 26 22 38 20 25 21 20 23 26 39 27 21 27 32 20 35 28
internal_value=4.33025e-11 -0.0131952 0.00586454 0.00656584 0.00563295 -0.0156911 -0.0126274 -0.0140467 -0.0170646 0.00703726 0.00494107 0.00831183 0.00781475 0.00843527 0.00596671 0.00701654 0.00752527 0.00881918 0.00644006 0.00528855
internal_weight=585 180 405 385 359 142 104 84 59 320 121 199 179 153 99 76 114 52 62 55
internal_count=585 180 405 385 359 142 104 84 59 320 121 199 179 153 99 76 114 52 62 55
is_linear=0
shrinkage=0.1


Tree=39
num_leaves=23
num_cat=0
split_feature=0 1 1 0 0 1 1 1 0 0 0 1 1 1 0 0 0 1 1 0 0 1
split_gain=3.66684 0.404616 0.387573 0.635314 0.325974 0.213101 0.155749 0.199525 0.151963 0.143025 0.0536721 0.0823473 0.0420885 0.0893322 0.0341571 0.0326216 0.0271953 0.0239948 0.0305713 0.0393066 0.0317371 0.0121616
threshold=201.32901389860635 0.38000000000000972 -0.35500000000000392 202.41911172668947 197.10927215269015 0.01500000000000057 -0.12499999999999999 -0.34499999999999881 206.17075764789089 194.7998817201279 208.34171212041636 0.17000000000000173 -0.070000000000007376 -0.15500000000000111 207.78770902457691 208.16616359089667 205.9720433603934 0.13000000000000969 1.0000000180025095e-35 208.58506996784129 208.47805913755624 -0.23499999999998519
decision_type=2 2 2 2 2 2 2 2 2 2 2 2 2 2 2 2 2 2 2 2 2 2
left_child=1 4 -2 -4 6 21 7 -1 16 -8 11 12 13 -10 -14 -16 -5 18 19 20 -12 -6
right_child=2 -3 3 8 5 -7 9 -9 10 -11 17 -13 14 -15 15 -17 -18 -19 -20 -21 -22 -23
leaf_value=-0.011462736532557756 0.017885233737204388 -0.024921600023905435 -0.008321815729141235 0.00287257700317329 0.0014793293550610543 -0.012876206282526254 -0.017005745237249705 -0.025588051094673575 0.0075936610457198383 -0.006673152069561184 0.009949714866732913 -3.0368694063761963e-05 0.010027001189017618 -0.0010937024280428887 0.004021292634024576 0.008898444250614073 -0.0016657822643933091 0.011028346940875053 0.0052737600944080462 0.012315900393084368 0.0045727591556699379 -0.0019662547235687572
leaf_weight=20 23 21 35 31 20 20 21 20 29 37 21 23 37 20 32 24 23 25 37 22 23 21
leaf_count=20 23 21 35 31 20 20 21 20 29 37 21 23 37 20 32 24 23 25 37 22 23 21
internal_value=-1.08555e-11 -0.0118757 0.00527809 0.00451902 -0.0101527 -0.00441359 -0.0137249 -0.0185254 0.0058142 -0.0104143 0.0067126 0.00552053 0.00641961 0.0040478 0.00766928 0.0061115 0.000939572 0.00824926 0.00757472 0.00886466 0.00713903 -0.000285482
internal_weight=585 180 405 382 159 61 98 40 347 58 293 165 142 49 93 56 54 128 103 66 44 41
internal_count=585 180 405 382 159 61 98 40 347 58 293 165 142 49 93 56 54 128 103 66 44 41
is_linear=0
shrinkage=0.1


Tree=40
num_leaves=24
num_cat=0
split_feature=0 1 1 0 1 0 1 1 1 0 1 1 0 0 1 1 1 1 0 1 0 0 1
split_gain=2.97014 0.327739 0.313934 0.518967 0.767919 0.264039 0.172612 0.126157 0.161615 0.11585 0.100141 0.0630193 0.0776952 0.0233744 0.045665 0.157042 0.0653178 0.0337107 0.033367 0.0520119 0.02688 0.0195995 0.00985091
threshold=201.32901389860635 0.38000000000000972 -0.35500000000000392 205.89318847668474 -0.040000000000006246 197.10927215269015 0.01500000000000057 -0.12499999999999999 -0.34499999999999881 194.7998817201279 0.22500000000000855 0.1850000000000023 206.17075764789089 208.46527511642168 -0.070000000000007376 -0.14000000000000054 0.01500000000000057 -0.20499999999998406 208.5327853553909 1.0000000180025095e-35 208.00074442552994 207.96975098836759 -0.23499999999998519
decision_type=2 2 2 2 2 2 2 2 2 2 2 2 2 2 2 2 2 2 2 2 2 2 2
left_child=1 5 -2 4 -4 7 22 8 -1 -9 11 12 -5 14 15 17 20 -14 -15 -20 -16 -18 -7
right_child=2 -3 3 10 -6 6 -8 9 -10 -11 -12 -13 13 18 16 -17 21 -19 19 -21 -22 -23 -24
leaf_value=-0.010316462768241764 0.016096709733423982 -0.022429440152787028 -0.019363636057823898 5.3099729120731355e-05 0.0043506007279372882 0.0013313961168751121 -0.011588585339486599 -0.015305170341439189 -0.023029245452489706 -0.0060058368577596711 -0.00032528049957293733 0.011567595973610879 0.0040664929337799549 0.010431854220639383 0.0066678792280505331 -0.0038831860688515007 0.0061075386258640464 0.0098725839238613857 0.0089407698401520325 0.0028102864474058155 0.011332638295522581 0.0024828839120275988 -0.0017696296003469753
leaf_weight=20 23 21 22 22 36 20 20 21 20 37 26 20 20 28 21 20 35 20 31 25 30 26 21
leaf_count=20 23 21 22 22 36 20 20 21 20 37 26 20 20 28 21 20 35 20 31 25 30 26 21
internal_value=4.99019e-11 -0.0106881 0.00475028 0.00406712 -0.00464445 -0.00913739 -0.00397223 -0.0123524 -0.0166729 -0.00937284 0.0056266 0.00614589 0.00575584 0.00624591 0.00557815 0.00335196 0.00677075 0.00696954 0.00761325 0.00620395 0.00941186 0.0045626 -0.000256934
internal_weight=585 180 405 382 58 159 61 98 40 58 324 298 278 256 172 60 112 40 84 56 51 61 41
internal_count=585 180 405 382 58 159 61 98 40 58 324 298 278 256 172 60 112 40 84 56 51 61 41
is_linear=0
shrinkage=0.1


Tree=41
num_leaves=22
num_cat=0
split_feature=0 1 0 1 1 0 1 0 0 1 0 1 0 1 1 0 0 0 0 1 1
split_gain=2.40581 0.28235 0.465247 0.27587 0.415747 0.343407 0.229387 0.160184 0.219572 0.0772275 0.029573 0.0233591 0.0192191 0.0340617 0.0481859 0.0674976 0.0679662 0.0367013 0.0225068 0.0156633 0.0118757
threshold=201.32901389860635 0.084999999999993761 198.59827739408234 0.32499999999998869 0.21500000000000344 204.62257565933058 0.23999999999999491 194.78078768875969 196.86338056825869 -0.3350000000000079 208.53460367561681 0.14499999999999605 206.17075764789089 -0.010000000000005114 -0.055000000000006814 208.3072570887426 207.78770902457691 208.10620028390164 208.34171212041636 1.0000000180025095e-35 0.04000000000000626
decision_type=2 2 2 2 2 2 2 2 2 2 2 2 2 2 2 2 2 2 2 2 2
left_child=1 2 7 4 5 -2 -3 -1 -9 -7 11 12 -11 14 15 16 -14 20 -19 -12 -15
right_child=3 6 -4 -5 -6 9 -8 8 -10 10 19 -13 13 17 -16 -17 -18 18 -20 -21 -22
leaf_value=-0.0042205071887902674 -0.004873562860899629 -0.023033306553311969 0.005041913025510999 -0.007175671047298238 0.017080915275101478 -0.00095119111239910141 -0.010380314866473016 -0.019799952233141221 -0.0077975415579775087 0.0028665940194124626 0.009152793784722172 0.0020285814379652342 0.0042739468593416471 0.010874695911826123 0.00010516808501311712 0.0011514809525882206 0.011610443248292027 0.0031418351501298065 0.007264007703849564 0.0058058012483848467 0.0075500683742575347
leaf_weight=31 39 23 26 20 26 20 38 27 35 28 29 24 28 21 21 24 23 26 27 27 22
leaf_count=31 39 23 26 20 26 20 38 27 35 28 29 24 28 21 21 24 23 26 27 27 22
internal_value=-3.51236e-12 -0.00961931 -0.00678369 0.00427525 0.0048701 0.00398576 -0.0151511 -0.0100898 -0.0130244 0.00506549 0.0054666 0.00499095 0.00531412 0.00567105 0.00433911 0.00552462 0.00758256 0.00700298 0.00524181 0.00753907 0.00917372
internal_weight=585 180 119 405 385 359 61 93 62 320 300 244 220 192 96 75 51 96 53 56 43
internal_count=585 180 119 405 385 359 61 93 62 320 300 244 220 192 96 75 51 96 53 56 43
is_linear=0
shrinkage=0.1


Tree=42
num_leaves=21
num_cat=0
split_feature=0 1 0 1 0 1 0 0 1 1 1 1 1 1 0 0 1 1 0 0
split_gain=1.94871 0.287266 0.40385 0.261659 0.179147 0.212365 0.203381 0.0808478 0.0941788 0.0894826 0.046178 0.0946342 0.0378542 0.0595418 0.0786389 0.0253509 0.0230149 0.0208861 0.0246735 0.01697
threshold=201.32901389860635 -0.35500000000000392 202.41911172668947 0.38000000000000972 194.62124319712419 0.16499999999999207 198.59827739408234 208.34171212041636 -0.19499999999999315 0.22500000000000855 -0.17000000000000168 -0.049999999999997151 0.11500000000000911 -0.049999999999997151 207.53054366993638 208.10620028390164 0.13000000000000969 1.0000000180025095e-35 208.52795719478243 207.63370737756614
decision_type=2 2 2 2 2 2 2 2 2 2 2 2 2 2 2 2 2 2 2 2
left_child=3 -2 -3 4 -1 6 10 8 -4 12 -6 -12 13 19 -15 -16 17 18 -9 -10
right_child=1 2 7 -5 5 -7 -8 16 9 -11 11 -13 -14 14 15 -17 -18 -19 -20 -21
leaf_value=-0.013366933766047698 0.014701535536543185 -0.0070436353143304587 -0.002716861978173256 -0.019148464791249441 -0.013514720911160112 0.0039988404791802172 -1.1446998853768623e-05 0.0046955269535608364 0.0048621343268502142 -0.0025303876734687949 -0.0029412410361692311 -0.011882695067545464 0.0076395441312342889 -0.0020476542840759944 0.0062811799752976634 0.0020898901046840133 0.0089451895654201509 0.0036609499237021887 0.0085625187691413997 0.0084040267664628725
leaf_weight=37 23 35 25 21 25 20 28 33 31 20 20 29 32 29 31 27 25 37 33 24
leaf_count=37 23 35 25 21 25 20 28 33 31 20 20 29 32 29 31 27 25 37 33 24
internal_value=2.27706e-11 0.00384773 0.00319422 -0.00865738 -0.00727177 -0.00542324 -0.0072707 0.00422686 0.00305991 0.00380434 -0.0100174 -0.00823312 0.00453247 0.00383228 0.00220416 0.00433006 0.00622344 0.00556282 0.00662902 0.00640769
internal_weight=585 405 382 180 159 122 102 347 219 194 74 49 174 142 87 58 128 103 66 55
internal_count=585 405 382 180 159 122 102 347 219 194 74 49 174 142 87 58 128 103 66 55
is_linear=0
shrinkage=0.1


Tree=43
num_leaves=24
num_cat=0
split_feature=1 0 1 0 0 1 0 1 1 0 1 1 1 1 0 1 1 0 0 0 0 1 0
split_gain=1.80556 2.08791 0.722621 0.521778 0.396278 0.213804 0.188825 0.17336 0.164184 0.244569 0.183031 0.0802101 0.0326267 0.0305467 0.0590311 0.056625 0.0395802 0.0744298 0.0314515 0.0512561 0.029255 0.0272705 0.0123062
threshold=-0.4249999999999971 204.62257565933058 -0.12499999999999999 198.92269653010081 201.06929793433235 -0.30500000000000677 197.02832719003359 0.10000000000000854 -0.019999999999996017 194.7998817201279 0.27500000000000574 0.22500000000000855 0.1850000000000023 -0.025000000000005681 207.56003853280382 -0.10000000000000851 -0.20499999999998406 208.1923441811243 208.5693729522271 208.48814170570833 208.26089760541132 0.01500000000000057 208.28386396799434
decision_type=2 2 2 2 2 2 2 2 2 2 2 2 2 2 2 2 2 2 2 2 2 2 2
left_child=-1 2 4 8 6 -3 -2 -5 -4 -10 -11 12 13 15 -15 16 -7 -18 19 20 21 -16 -17
right_child=1 5 3 7 -6 11 -8 -9 9 10 -12 -13 -14 14 18 22 17 -19 -20 -21 -22 -23 -24
leaf_value=0.027462000853341557 -0.016890933917778912 -0.0063440774381160739 -0.0014457510518176217 0.010402892996925013 -0.028476033909689814 0.0074761241934971807 -0.0045770464325323706 -0.0014435717572147649 -0.020873221461661162 -0.012728998395614328 -0.00037885980214923619 -0.0010204810595426422 0.0085706622938492485 -0.00014437370563802473 0.0081915738061070446 0.0064572841078042982 0.0058349257468112876 -0.0017541785452825328 0.0010759840630704448 0.0095886963461949068 0.0015405800825517093 0.0033641636586398821 0.0094848183108140437
leaf_weight=23 33 20 21 21 21 21 20 30 20 30 20 26 21 34 22 25 28 24 21 22 28 25 29
leaf_count=23 33 20 21 21 21 21 20 30 20 30 20 26 21 34 22 25 28 24 21 22 28 25 29
internal_value=-4.01888e-11 -0.00112389 -0.00883823 -0.00466281 -0.0168505 0.003692 -0.0122442 0.00343438 -0.0092008 -0.0115273 -0.00778894 0.00430771 0.00476948 0.00448337 0.00352693 0.0056281 0.003812 0.00233226 0.00458476 0.00534439 0.0040994 0.0056238 0.00808318
internal_weight=585 562 216 142 74 346 53 51 91 70 50 326 300 279 152 127 73 52 118 97 75 47 54
internal_count=585 562 216 142 74 346 53 51 91 70 50 326 300 279 152 127 73 52 118 97 75 47 54
is_linear=0
shrinkage=0.1


Tree=44
num_leaves=22
num_cat=0
split_feature=1 0 1 1 1 1 1 1 0 1 1 1 0 0 0 1 1 1 1 1 0
split_gain=1.4625 1.70543 0.482881 0.374041 0.485748 0.428046 0.307519 0.178922 0.151399 0.0556416 0.0416875 0.0831384 0.0412367 0.0264396 0.0373978 0.0668366 0.126292 0.0356975 0.0341141 0.0260815 0.0073283
threshold=-0.4249999999999971 202.41911172668947 -0.12499999999999999 0.38000000000000972 0.25000000000000006 0.084999999999993761 -0.30500000000000677 -0.24500000000000452 197.68105491724808 0.29500000000000176 0.10999999999999945 0.079999999999998309 206.00512992137678 208.60019281397311 208.1923441811243 -0.12499999999999999 -0.010000000000005114 -0.10000000000000851 -0.034999999999996582 0.019999999999996024 208.3072570887426
decision_type=2 2 2 2 2 2 2 2 2 2 2 2 2 2 2 2 2 2 2 2 2
left_child=-1 2 7 4 5 8 -3 -2 -4 10 11 12 -8 14 15 -14 -17 -16 -19 -20 -12
right_child=1 6 3 -5 -6 -7 9 -9 -10 -11 20 -13 13 -15 17 16 -18 18 19 -21 -22
leaf_value=0.024715800607657951 -0.010146686054455739 -0.0083240469409660862 -0.0041114449966698887 -0.01610051304329924 0.011771807488985361 -0.014960996204266145 0.00021484741693079151 -0.020262260745991679 0.0066375559056177733 -0.00098348026248541742 0.0057611283671576531 -0.0020651646160885044 0.0098932678380084255 0.0078743002498927323 -0.00036551853641867641 -0.0012843775286994598 0.0075670531106879942 0.0072949586859480907 0.00040662643956378684 0.005144884364147272 0.0080777383663437584
leaf_weight=23 36 22 38 24 20 31 23 34 20 22 36 23 27 23 25 27 40 22 26 21 22
leaf_count=23 36 22 38 24 20 31 23 34 20 22 36 23 27 23 25 27 40 22 26 21 22
internal_value=6.80383e-11 -0.0010115 -0.00833718 -0.00479888 -0.00231045 -0.005475 0.00313088 -0.01506 -0.000404893 0.00387868 0.00421826 0.00367175 0.00423563 0.00467392 0.00428238 0.00569279 0.00400006 0.00287198 0.00404498 0.00252372 0.00663984
internal_weight=585 562 203 133 109 89 359 70 58 337 315 257 234 211 188 94 67 94 69 47 58
internal_count=585 562 203 133 109 89 359 70 58 337 315 257 234 211 188 94 67 94 69 47 58
is_linear=0
shrinkage=0.1


Tree=45
num_leaves=24
num_cat=0
split_feature=1 0 1 0 1 0 1 0 1 1 0 1 1 1 0 0 0 1 1 1 1 1 0
split_gain=1.18463 1.3814 0.391134 0.318684 0.24909 0.147213 0.12267 0.200413 0.137626 0.0835027 0.0624113 0.0450697 0.0337668 0.0673421 0.0334017 0.0214161 0.0302922 0.0541377 0.102297 0.028915 0.0276324 0.021126 0.00593592
threshold=-0.4249999999999971 202.41911172668947 -0.12499999999999999 198.92269653010081 -0.30500000000000677 199.05857677630476 -0.019999999999996017 194.7998817201279 0.27500000000000574 0.17000000000000173 195.85410442947776 0.29500000000000176 0.10999999999999945 0.079999999999998309 206.00512992137678 208.60019281397311 208.1923441811243 -0.12499999999999999 -0.010000000000005114 -0.10000000000000851 -0.034999999999996582 0.019999999999996024 208.3072570887426
decision_type=2 2 2 2 2 2 2 2 2 2 2 2 2 2 2 2 2 2 2 2 2 2 2
left_child=-1 2 5 6 -3 10 -4 -8 -9 -5 -2 12 13 14 -6 16 17 -16 -19 -18 -21 -22 -14
right_child=1 4 3 9 11 -7 7 8 -10 -11 -12 -13 22 -15 15 -17 19 18 -20 20 21 -23 -24
leaf_value=0.022244220958395011 -0.014400640271958851 -0.0074916423467749904 -0.00094121739024385107 0.00734516012349299 0.00019336251324326124 -0.020109525715689299 -0.018115756753832101 -0.010555085522743562 0.00015418500639498235 -0.0015725984371134213 -0.007070972641500143 -0.00088513227793472749 0.0051850156690407961 -0.0018586481961867084 0.0089039410050544467 0.0070868703820135288 -0.00032896654307842255 -0.0011559400336678934 0.006810347768478095 0.0065654630434106706 0.00036596385762095452 0.0046303959316684904 0.0072699644010175354
leaf_weight=23 21 22 21 21 23 23 20 30 20 21 26 22 36 23 27 23 25 27 40 22 26 21 22
leaf_count=23 21 22 21 21 23 23 20 30 20 21 26 22 36 23 27 23 25 27 40 22 26 21 22
internal_value=1.40693e-11 -0.000910351 -0.00750347 -0.00431899 0.00281779 -0.013554 -0.0076445 -0.00965549 -0.00627138 0.00288628 -0.0103459 0.00349081 0.00379643 0.00330458 0.00381207 0.00420653 0.00385415 0.00512351 0.00360005 0.00258478 0.00364049 0.00227135 0.00597586
internal_weight=585 562 203 133 359 70 91 70 50 42 47 337 315 257 234 211 188 94 67 94 69 47 58
internal_count=585 562 203 133 359 70 91 70 50 42 47 337 315 257 234 211 188 94 67 94 69 47 58
is_linear=0
shrinkage=0.1


Tree=46
num_leaves=22
num_cat=0
split_feature=1 0 1 1 1 1 1 1 0 1 1 1 0 0 0 1 1 1 1 1 0
split_gain=0.959548 1.11893 0.316818 0.299848 0.39617 0.319844 0.201763 0.140881 0.0924937 0.0365065 0.0273511 0.0545471 0.0270554 0.0173471 0.0245367 0.0438515 0.0828602 0.0234211 0.0223822 0.0171121 0.0048081
threshold=-0.4249999999999971 202.41911172668947 -0.12499999999999999 0.38000000000000972 0.25000000000000006 0.084999999999993761 -0.30500000000000677 -0.24500000000000452 197.68105491724808 0.29500000000000176 0.10999999999999945 0.079999999999998309 206.00512992137678 208.60019281397311 208.1923441811243 -0.12499999999999999 -0.010000000000005114 -0.10000000000000851 -0.034999999999996582 0.019999999999996024 208.3072570887426
decision_type=2 2 2 2 2 2 2 2 2 2 2 2 2 2 2 2 2 2 2 2 2
left_child=-1 2 7 4 5 8 -3 -2 -4 10 11 12 -8 14 15 -14 -17 -16 -19 -20 -12
right_child=1 6 3 -5 -6 -7 9 -9 -10 -11 20 -13 13 -15 17 16 -18 18 19 -21 -22
leaf_value=0.020019798855418745 -0.0078387763195981574 -0.0067424782467159355 -0.0030314060350831013 -0.014005962192701796 0.011058591064065697 -0.012716865693566374 0.00017402618769151362 -0.016814826341236339 0.0053702172124758365 -0.00079661913015033044 0.0046665138012031097 -0.0016727833401249802 0.0080135470014755378 0.0063781833357137181 -0.00029607009142637255 -0.001040345920180833 0.0061293130778358323 0.0059089165053923028 0.0003293673163100791 0.0041673562666844763 0.0065429685383357793
leaf_weight=23 36 22 38 24 20 31 23 34 20 22 36 23 27 23 25 27 40 22 26 21 22
leaf_count=23 36 22 38 24 20 31 23 34 20 22 36 23 27 23 25 27 40 22 26 21 22
internal_value=-4.7586e-12 -0.000819316 -0.00675312 -0.00388709 -0.00165908 -0.00451699 0.00253601 -0.0121986 -0.000134295 0.00314173 0.00341679 0.00297412 0.00343086 0.00378587 0.00346873 0.00461116 0.00324005 0.0023263 0.00327644 0.00204421 0.00537827
internal_weight=585 562 203 133 109 89 359 70 58 337 315 257 234 211 188 94 67 94 69 47 58
internal_count=585 562 203 133 109 89 359 70 58 337 315 257 234 211 188 94 67 94 69 47 58
is_linear=0
shrinkage=0.1


Tree=47
num_leaves=23
num_cat=0
split_feature=1 0 1 1 0 1 1 0 1 1 0 1 0 1 1 0 1 0 1 1 1 1
split_gain=0.777234 0.906336 0.256623 0.242876 0.348731 0.163428 0.118742 0.0903216 0.0702449 0.0600895 0.0301245 0.0513901 0.0940271 0.0534423 0.0511198 0.0312257 0.0294021 0.0318274 0.0317261 0.0292702 0.0206556 0.00274804
threshold=-0.4249999999999971 202.41911172668947 -0.12499999999999999 0.38000000000000972 198.92269653010081 -0.30500000000000677 -0.20499999999998406 198.14957405151569 -0.019999999999996017 0.10999999999999945 208.25305407766822 0.010000000000005118 207.78770902457691 -0.010000000000005114 0.11500000000000911 208.37270161559914 0.13000000000000969 208.52795719478243 1.0000000180025095e-35 -0.094999999999998849 -0.16500000000000623 0.20999999999999377
decision_type=2 2 2 2 2 2 2 2 2 2 2 2 2 2 2 2 2 2 2 2 2 2
left_child=-1 2 6 4 8 -3 7 -2 -4 -10 11 13 14 19 -13 -12 17 -17 -19 20 -7 -16
right_child=1 5 3 -5 -6 10 -8 -9 9 -11 15 12 -14 -15 21 16 -18 18 -20 -21 -22 -23
leaf_value=0.018017819054100825 -0.0034413008343266403 -0.0060682303695516158 -0.00058396254788108527 -0.012605365817823136 0.0065613943190934764 0.0017271481049449548 -0.016176344930297799 -0.012629940216429532 -0.011108329550673564 -0.0042893985120047422 0.0065407655198428342 -0.0013642604669762983 -0.0058154908823780721 0.0081526265316642834 0.0034383243339834741 0.00010600250978500415 0.0061457774103619162 0.005788570080855579 0.00081648270466497968 -9.190472754805039e-05 0.0058796113617718224 0.0050960458908230069
leaf_weight=23 23 22 21 24 36 23 27 20 24 28 34 27 20 20 20 39 25 33 21 30 25 20
leaf_count=23 23 22 21 24 36 23 27 20 24 28 34 27 20 20 20 39 25 33 21 30 25 20
internal_value=2.06264e-11 -0.000737384 -0.00607781 -0.00349838 -0.00149318 0.00228241 -0.0109787 -0.00771509 -0.00546529 -0.0074366 0.00282756 0.00197055 0.000201639 0.00354092 0.0019978 0.00387062 0.00310125 0.00228283 0.00385498 0.00235843 0.00388989 0.00426719
internal_weight=585 562 203 133 109 359 70 43 73 52 337 185 87 98 67 152 118 93 54 78 48 40
internal_count=585 562 203 133 109 359 70 43 73 52 337 185 87 98 67 152 118 93 54 78 48 40
is_linear=0
shrinkage=0.1


Tree=48
num_leaves=22
num_cat=0
split_feature=1 0 1 0 0 1 0 0 0 1 1 0 0 1 1 1 1 1 1 0 0
split_gain=0.62956 0.739595 0.28748 0.170959 0.586316 0.156426 0.239209 0.134353 0.106741 0.0541268 0.0514867 0.0185474 0.0240455 0.0174503 0.044299 0.0310969 0.0265974 0.0610507 0.0415243 0.0244575 0.0276858
threshold=-0.4249999999999971 204.62257565933058 -0.17000000000000168 200.33853492967094 201.6115857208022 -0.064999999999997712 194.7998817201279 199.3798270110054 197.05049731287372 -0.30500000000000677 0.22500000000000855 205.99601539021734 206.97966435834908 -0.15500000000000111 -0.10000000000000851 -0.034999999999996582 0.049999999999997165 0.019999999999996024 -1.0000000180025095e-35 208.52584786471132 208.18345510640191
decision_type=2 2 2 2 2 2 2 2 2 2 2 2 2 2 2 2 2 2 2 2 2
left_child=-1 2 7 5 -5 -4 -7 -2 -8 -3 11 -11 -13 -14 -15 -16 17 18 -17 20 -18
right_child=1 9 3 4 -6 6 8 -9 -10 10 -12 12 13 14 15 16 19 -19 -20 -21 -22
leaf_value=0.016216037163267968 -0.0076274752961139058 -0.0028470299812033773 0.0011686877801147259 0.014367381926803363 -0.0082981012577656652 -0.016313929212364284 -0.00052026191892634544 -0.017744996267858717 -0.0088039420744670301 0.005748374313337818 -0.0017564431347776778 -5.9078303808025252e-05 0.0050535579052354614 -0.0016057585493068805 0.0058753784828107156 -0.00018165004536664737 0.002931882611301262 -0.003085426488162383 0.0052511018741985454 0.00084593667183071371 0.0073250782282020038
leaf_weight=23 35 20 29 21 25 22 35 21 28 21 26 29 35 22 34 24 32 23 34 20 26
leaf_count=23 35 20 29 21 25 22 35 21 28 21 26 29 35 22 34 24 32 23 34 20 26
internal_value=-2.65268e-11 -0.000663646 -0.00525499 -0.0030967 0.00204918 -0.00517311 -0.00733678 -0.0114215 -0.0042019 0.00220263 0.00251242 0.00288239 0.00266667 0.00298286 0.00264577 0.0031304 0.00254342 0.00127424 0.00300307 0.00386142 0.00490125
internal_weight=585 562 216 160 46 114 85 56 63 346 326 300 279 250 215 193 159 81 58 78 58
internal_count=585 562 216 160 46 114 85 56 63 346 326 300 279 250 215 193 159 81 58 78 58
is_linear=0
shrinkage=0.1


Tree=49
num_leaves=24
num_cat=0
split_feature=1 0 0 0 1 0 0 1 0 0 0 0 1 0 0 1 1 1 1 0 0 0 1
split_gain=0.509943 0.611148 0.210442 0.310885 0.112348 0.087468 0.0685961 0.147144 0.102656 0.222276 0.028751 0.0190684 0.0467211 0.00890725 0.0350784 0.0265204 0.102008 0.0613102 0.017142 0.0129459 0.0301001 0.0128297 0.0117088
threshold=-0.4249999999999971 202.41911172668947 201.40240379651138 198.92269653010081 -0.30500000000000677 193.98444641620117 194.78078768875969 0.27500000000000574 197.17957476727727 196.86338056825869 208.73160335209448 205.99601539021734 0.20000000000000287 208.52584786471132 208.46527511642168 -0.070000000000007376 -0.12499999999999999 -0.019999999999996017 0.01500000000000057 207.45785760578943 208.18345510640191 207.73253215543338 1.0000000180025095e-35
decision_type=2 2 2 2 2 2 2 2 2 2 2 2 2 2 2 2 2 2 2 2 2 2 2
left_child=-1 2 3 5 -3 -2 -7 8 9 -8 11 -6 13 14 15 16 21 -17 -19 -20 -21 -13 -15
right_child=1 4 -4 -5 10 6 7 -9 -10 -11 -12 12 -14 22 -16 17 -18 18 19 20 -22 -23 -24
leaf_value=0.014594433456659318 -0.011738521568477154 -0.0050412683493711733 -0.012290411967445505 0.0053164860719334683 0.0042974030359515126 0.00031327477291874268 -0.010616397113401697 0.0018480518274009228 -0.013738177982824191 0.002544241963464412 0.0059174360884797009 0.0050222513620974503 -0.0022160031304408151 0.0023839935522388528 0.0062004911154002439 0.0079703504993813117 -0.0055015352694317704 0.003841547196498141 0.0031374417644526274 -0.0021785700908647137 0.0027325048644949376 0.0014832902832755022 -0.00076437939313196007
leaf_weight=23 20 22 33 32 35 23 33 20 21 21 21 20 26 27 23 20 20 32 21 26 24 21 21
leaf_count=23 20 22 33 32 35 23 33 20 21 21 21 20 26 27 23 20 20 32 21 26 24 21 21
internal_value=6.07698e-11 -0.000597281 -0.00498263 -0.00356406 0.00188246 -0.00562332 -0.00458684 -0.00577319 -0.00780552 -0.00549837 0.00233445 0.00209634 0.00182219 0.00223392 0.00251853 0.00205828 0.000353499 0.00290374 0.00191993 0.00105385 0.000178746 0.00320961 0.00100658
internal_weight=585 562 203 170 359 138 118 95 75 54 337 316 281 255 207 184 61 123 103 71 50 41 48
internal_count=585 562 203 170 359 138 118 95 75 54 337 316 281 255 207 184 61 123 103 71 50 41 48
is_linear=0
shrinkage=0.1


Tree=50
num_leaves=22
num_cat=0
split_feature=0 1 1 0 1 0 0 0 1 1 1 1 0 1 1 0 0 0 1 1 0
split_gain=0.424788 0.159115 0.152096 0.603469 0.149165 0.154954 0.245094 0.124318 0.12365 0.343689 0.119753 0.075476 0.178371 0.0580952 0.0276223 0.0235475 0.0150046 0.0291253 0.0261097 0.0162422 0.0259895
threshold=201.32901389860635 -0.35500000000000392 -0.14999999999999145 206.01441221245105 0.084999999999993761 198.59827739408234 194.41165866914923 196.86338056825869 0.32499999999998869 0.21500000000000344 0.23999999999999491 -0.025000000000005681 205.97626440534501 -0.040000000000006246 -0.094999999999998849 208.15848679830492 208.16616359089667 207.84303388433872 0.094999999999998877 0.01500000000000057 208.52584786471132
decision_type=2 2 2 2 2 2 2 2 2 2 2 2 2 2 2 2 2 2 2 2 2
left_child=4 -2 3 -3 5 6 -1 -8 9 11 -6 13 -13 14 -4 -5 17 18 -14 -18 -21
right_child=1 2 8 15 10 -7 7 -9 -10 -11 -12 12 16 -15 -16 -17 19 -19 -20 20 -22
leaf_value=0.0045776575952768328 0.0098742964475051227 -0.017102511947797168 0.0050806358958093017 0.0051942290794104347 -0.013757912795383321 0.004843709474572769 -0.011405098871469047 -0.0028498885022210227 -0.0053242221614345914 0.013774140730786782 -0.0046156941128796657 -0.0080834240763492521 0.0041629715195785353 0.0086344634733078168 0.00075071709750987152 0.00093508481772409556 0.00058996693530519097 -0.002387932992794297 -0.00046241471705877268 0.0053385662298430416 0.0011828836674491565
leaf_weight=25 23 21 26 25 23 26 33 35 20 26 38 21 26 22 34 27 28 22 23 34 27
leaf_count=25 23 21 26 25 23 26 33 35 20 26 38 21 26 22 34 27 28 22 23 34 27
internal_value=7.03268e-11 0.00179646 0.00131009 -0.0027952 -0.00404203 -0.00198098 -0.00388896 -0.00700168 0.00227995 0.00280619 -0.00806276 0.00172191 0.000581677 0.00423877 0.00262702 0.00298275 0.00171897 0.000634749 0.00199187 0.00258391 0.00349917
internal_weight=585 405 382 73 180 119 93 68 309 289 61 263 181 82 60 52 160 71 49 89 61
internal_count=585 405 382 73 180 119 93 68 309 289 61 263 181 82 60 52 160 71 49 89 61
is_linear=0
shrinkage=0.1


Tree=51
num_leaves=22
num_cat=0
split_feature=1 0 1 1 1 1 1 1 0 0 0 0 0 1 1 1 1 1 0 0 0
split_gain=0.388911 0.4038 0.183793 0.20197 0.283507 0.220322 0.120486 0.0948514 0.0599108 0.0373341 0.0219075 0.0418427 0.0201597 0.0173373 0.0255834 0.0355667 0.0433086 0.0215582 0.0534235 0.0610433 0.0173268
threshold=-0.4249999999999971 202.41911172668947 -0.12499999999999999 0.38000000000000972 0.25000000000000006 0.084999999999993761 -0.20499999999998406 -0.30500000000000677 198.14957405151569 197.68105491724808 205.99601539021734 206.97966435834908 208.73160335209448 -0.15500000000000111 -0.10000000000000851 -0.034999999999996582 -1.0000000180025095e-35 0.010000000000005118 208.23232224463857 208.52584786471132 207.63370737756614
decision_type=2 2 2 2 2 2 2 2 2 2 2 2 2 2 2 2 2 2 2 2 2
left_child=-1 2 6 4 5 9 8 -3 -2 -4 -9 -12 13 -13 -15 -16 -17 -18 20 -20 -19
right_child=1 7 3 -5 -6 -7 -8 10 -10 -11 11 12 -14 14 15 16 17 18 19 -21 -22
leaf_value=0.012745346954983215 -0.0014655712344076323 -0.0048677259124815467 -0.00069549789339745129 -0.010208021670890351 0.010683673378080131 -0.0092979788419700442 -0.013469458875004892 0.0042777346566851655 -0.0089491241582436484 0.0046422770107164982 -0.0017842378525529058 0.0039239837251388411 0.0050155318408672302 -0.0017687730194831438 0.0048202288986155485 -0.0030182614287782815 0.0043335372848170147 0.00051323344398822106 0.0056041733266260383 -0.00098362461325119852 -0.0031910268650592669
leaf_weight=23 23 22 38 24 20 31 27 35 20 20 32 33 21 22 33 21 28 28 39 22 23
leaf_count=23 23 22 38 24 20 31 27 35 20 20 32 33 21 22 33 21 28 28 39 22 23
internal_value=-1.09376e-11 -0.000521607 -0.00408624 -0.00190331 -7.47455e-05 -0.00249237 -0.0082338 0.00149405 -0.00494629 0.00114511 0.00190936 0.00163487 0.0020401 0.00178916 0.00146301 0.0018295 0.00121649 0.00185171 0.00123125 0.00322825 -0.00115732
internal_weight=585 562 203 133 109 89 70 359 43 58 337 302 270 249 216 194 161 140 112 61 51
internal_count=585 562 203 133 109 89 70 359 43 58 337 302 270 249 216 194 161 140 112 61 51
is_linear=0
shrinkage=0.1


Tree=52
num_leaves=22
num_cat=0
split_feature=1 0 0 0 0 1 1 1 1 0 0 0 0 1 1 1 1 1 1 0 0
split_gain=0.315018 0.327078 0.181411 0.225653 0.0880559 0.0768296 0.0624287 0.146701 0.100894 0.0177451 0.0338926 0.0167967 0.0163293 0.0140432 0.0207226 0.028809 0.0350799 0.0174621 0.0456213 0.0230326 0.0717116
threshold=-0.4249999999999971 202.41911172668947 201.40240379651138 198.92269653010081 194.12528039589668 -0.30500000000000677 0.27500000000000574 -0.049999999999997151 -0.17000000000000168 205.99601539021734 206.97966435834908 196.89693606981507 208.73160335209448 -0.15500000000000111 -0.10000000000000851 -0.034999999999996582 -1.0000000180025095e-35 0.010000000000005118 0.049999999999997165 207.84303388433872 208.36315501256962
decision_type=2 2 2 2 2 2 2 2 2 2 2 2 2 2 2 2 2 2 2 2 2
left_child=-1 2 3 4 -2 -3 7 8 -6 -7 -11 -9 13 -12 -15 -16 -17 -18 -19 -20 -21
right_child=1 5 -4 -5 6 9 -8 11 -10 10 12 -13 -14 14 15 16 17 18 19 20 -22
leaf_value=0.011470812461946322 -0.0093577141443697311 -0.0043809534473852677 -0.010462637863097233 0.0052053787852855754 -0.0053142293525690384 0.0038499610485242947 0.0015064044147729875 -0.006565451854839921 0.0039711508901091293 -0.0016058140172390267 0.0035315852696922697 -0.01066382352342771 0.0045139782585292346 -0.001591895960948684 0.0043382060163739055 -0.0027164352270552801 0.0039001834977950367 -0.0027565273286503118 0.0043558697306340741 -0.0036750413555031026 0.0036780700139287443
leaf_weight=23 26 22 33 32 22 35 25 20 25 32 33 20 21 22 33 21 28 24 31 21 36
leaf_count=23 26 22 33 32 22 35 25 20 25 32 33 20 21 22 33 21 28 24 31 21 36
internal_value=5.61007e-11 -0.000469446 -0.00367761 -0.00236052 -0.00411493 0.00134464 -0.00289785 -0.00416345 -0.000375197 0.00171842 0.00147139 -0.00861464 0.00183609 0.00161025 0.00131671 0.00164655 0.00109484 0.00166654 0.00110812 0.00216212 0.000969029
internal_weight=585 562 203 170 138 359 112 87 47 337 302 40 270 249 216 194 161 140 112 88 57
internal_count=585 562 203 170 138 359 112 87 47 337 302 40 270 249 216 194 161 140 112 88 57
is_linear=0
shrinkage=0.1


Tree=53
num_leaves=24
num_cat=0
split_feature=1 1 1 1 1 0 0 0 0 0 0 1 0 0 0 1 1 1 0 0 0 0 0
split_gain=0.291096 0.233736 0.31417 0.193708 0.370817 0.301226 0.343895 0.211566 0.29905 0.0848067 0.133019 0.0247468 0.0380435 0.0420984 0.0295709 0.0205397 0.124536 0.0303771 0.0317469 0.0448626 0.0108394 0.00366862 0.00326364
threshold=0.42499999999999721 -0.4249999999999971 -0.37499999999999994 0.26000000000000517 0.32499999999998869 204.62257565933058 194.41165866914923 201.40240379651138 198.92269653010081 196.24445711450065 197.17957476727727 -0.23499999999998519 208.61879440828037 208.53460367561681 208.37270161559914 -0.10000000000000851 -0.040000000000006246 -1.0000000180025095e-35 207.53054366993638 207.84303388433872 208.46953803200128 207.49764013419897 208.23232224463857
decision_type=2 2 2 2 2 2 2 2 2 2 2 2 2 2 2 2 2 2 2 2 2 2 2
left_child=1 -1 -3 5 -5 6 -4 8 9 -8 -11 -7 13 14 15 21 -17 -18 -19 -20 -16 -13 -21
right_child=-2 2 3 4 -6 11 7 -9 -10 10 -12 12 -14 -15 20 16 17 18 19 22 -22 -23 -24
leaf_value=0.010323730839983277 -0.01102666630531135 -0.012268632766790688 0.0078863799619615423 0.016094871866516768 -0.0017062409892678262 0.0048278200642570207 -0.011765808558889798 -0.012418073331526317 0.0064446559127342585 -0.00043067005497184307 -0.010553187078663283 0.0010943910949641751 -0.0020166852495408262 0.0056196140626875255 -0.0025830649235285821 0.0098656130128074448 -0.0021082159796995776 -0.00021095526355661845 0.0072226481866978472 0.00072135563823394477 0.00042240186904867491 -0.000698486439883709 0.0024863744378671986
leaf_weight=23 23 20 22 22 25 23 21 34 24 34 21 21 29 26 20 20 21 38 21 22 30 25 20
leaf_count=23 23 20 22 22 25 23 21 34 24 34 21 21 29 26 20 20 21 38 21 22 30 25 20
internal_value=2.85267e-11 0.000451269 2.99954e-05 0.000503931 0.00662619 -0.000105701 -0.00370118 -0.00560362 -0.0032867 -0.00635976 -0.00429563 0.00166928 0.00142134 0.001799 0.00138163 0.00195647 0.00255138 0.00135233 0.00207185 0.00344878 -0.000779785 0.000120001 0.00156184
internal_weight=585 562 539 519 47 472 156 134 100 76 55 316 293 264 238 188 142 122 101 63 50 46 42
internal_count=585 562 539 519 47 472 156 134 100 76 55 316 293 264 238 188 142 122 101 63 50 46 42
is_linear=0
shrinkage=0.1


Tree=54
num_leaves=23
num_cat=0
split_feature=0 1 1 1 0 0 1 0 0 1 0 0 1 0 0 1 1 0 0 1 0 0
split_gain=0.238249 0.119603 0.117806 0.200103 0.13511 0.139769 0.104038 0.396741 0.0805356 0.0667996 0.0317583 0.0505463 0.0442919 0.0339289 0.0336722 0.0959996 0.0317095 0.024099 0.0218291 0.0195029 0.0222213 0.0168709
threshold=201.32901389860635 -0.35500000000000392 -0.38499999999999085 -0.24500000000000452 195.85410442947776 198.59827739408234 -0.14999999999999145 206.01441221245105 201.88167294280586 0.10999999999999945 208.25305407766822 208.10620028390164 -0.055000000000006814 208.37270161559914 207.53054366993638 0.11500000000000911 0.01500000000000057 207.83065761649408 208.15848679830492 0.13000000000000969 208.48814170570833 208.541814960799
decision_type=2 2 2 2 2 2 2 2 2 2 2 2 2 2 2 2 2 2 2 2 2 2
left_child=2 -2 -1 -4 16 9 7 -3 -8 -6 11 12 -10 -12 15 -14 -5 -16 -9 20 -15 -22
right_child=1 6 3 4 5 -7 8 18 10 -11 13 -13 14 19 17 -17 -18 -19 -20 -21 21 -23
leaf_value=-0.0097110585633503367 0.0083488358751587256 -0.014072317820751952 0.0070372995521341053 -0.010713918646797538 -0.0010273195696189194 -0.007060394856940818 0.0070520933896589741 0.0043425307478755712 0.0051419876769862394 0.005835425044104974 0.005395820063683365 -0.003857057841960341 -0.0053480261937753921 -0.0020425316722442704 0.0047807147282929651 0.0025259661255404354 -0.0055381022682734612 4.4703077186237682e-05 0.00024173725741329015 0.0039462314601987599 0.0037760824171224764 0.00026870802248595281
leaf_weight=23 23 21 21 20 37 27 26 25 22 23 29 25 30 21 21 32 29 22 27 25 24 32
leaf_count=23 23 21 21 20 37 27 26 25 22 23 29 25 30 21 21 32 29 22 27 25 24 32
internal_value=-3.86322e-11 0.00134539 -0.00302712 -0.00204794 -0.00345081 -0.00108536 0.000923712 -0.00247162 0.00172585 0.0016034 0.00123651 0.000253065 0.00106214 0.0023776 0.00020732 -0.00128403 -0.00765068 0.00235764 0.00221327 0.00151948 0.000731578 0.00177187
internal_weight=585 405 180 157 136 87 382 73 309 60 283 152 127 131 105 62 49 43 52 102 77 56
internal_count=585 405 180 157 136 87 382 73 309 60 283 152 127 131 105 62 49 43 52 102 77 56
is_linear=0
shrinkage=0.1


Tree=55
num_leaves=24
num_cat=0
split_feature=1 1 1 1 1 0 0 0 0 1 0 0 1 1 1 0 1 1 1 0 0 1 0
split_gain=0.241468 0.19712 0.250626 0.151281 0.295918 0.214153 0.298993 0.172087 0.260263 0.0714456 0.155336 0.0203216 0.0231004 0.018699 0.0290102 0.0374248 0.0322961 0.0564436 0.0156965 0.0337863 0.0562228 0.0313799 0.000526536
threshold=0.42499999999999721 -0.4249999999999971 -0.37499999999999994 0.26000000000000517 0.32499999999998869 204.62257565933058 194.41165866914923 201.40240379651138 198.92269653010081 0.045000000000001712 196.86338056825869 205.99601539021734 0.14499999999999605 -0.23499999999998519 -0.16500000000000623 208.61879440828037 -0.11999999999999032 -0.070000000000007376 -0.010000000000005114 208.48814170570833 208.26089760541132 0.01500000000000057 207.57374058172289
decision_type=2 2 2 2 2 2 2 2 2 2 2 2 2 2 2 2 2 2 2 2 2 2 2
left_child=1 -1 -3 5 -5 6 -4 8 9 10 -8 -7 13 -13 -15 16 -16 -18 -19 20 21 -20 -23
right_child=-2 2 3 4 -6 11 7 -9 -10 -11 -12 12 -14 14 15 -17 17 18 19 -21 -22 22 -24
leaf_value=0.0094772511769248089 -0.0100428295665947 -0.010960543324472383 0.0076816989320584329 0.014316386958076197 -0.0015856662411242726 0.0043368566449895627 -0.0092710554227232924 -0.011042656361207586 0.0062711455092843002 -0.010187191853765399 0.0016681350965949673 0.0042958026921207258 -0.0012652915683301056 -0.002048128215392353 0.0054872757677609726 -0.002390683845927318 -0.00328449395463048 0.00040506975043431992 0.0067189210582347149 0.0060728176245465875 -0.0018922298353303364 0.0015824530576355755 0.0023080812930129468
leaf_weight=23 23 20 22 22 25 22 25 34 24 24 27 22 34 24 24 21 21 35 21 25 27 20 20
leaf_count=23 23 20 22 22 25 22 25 34 24 24 27 22 34 24 24 21 21 35 21 25 27 20 20
internal_value=4.60438e-12 0.000411005 2.41341e-05 0.000447436 0.00585785 -9.13129e-05 -0.00312292 -0.00489681 -0.00280722 -0.00567407 -0.00359109 0.0014053 0.00118593 0.00150648 0.00124864 0.00161837 0.00205459 0.00156711 0.00225551 0.00282866 0.00190702 0.00358866 0.00194527
internal_weight=585 562 539 519 47 472 156 134 100 76 52 316 294 260 238 214 193 169 148 113 88 61 40
internal_count=585 562 539 519 47 472 156 134 100 76 52 316 294 260 238 214 193 169 148 113 88 61 40
is_linear=0
shrinkage=0.1


Tree=56
num_leaves=24
num_cat=0
split_feature=1 1 1 1 1 0 0 0 0 1 1 0 0 1 1 1 0 0 0 0 0 1 0
split_gain=0.195589 0.159667 0.203007 0.122537 0.239693 0.175728 0.233676 0.0898873 0.117619 0.253342 0.16393 0.0571287 0.0296685 0.0115595 0.0185567 0.0492978 0.0220037 0.0331261 0.0427808 0.0474385 0.0673322 0.0321825 0.00996759
threshold=0.42499999999999721 -0.4249999999999971 -0.37499999999999994 0.26000000000000517 0.32499999999998869 205.89318847668474 194.41165866914923 201.80698007729026 196.86338056825869 0.084999999999993761 -0.17000000000000168 198.48258372346652 206.74652291648056 0.14499999999999605 0.049999999999997165 0.019999999999996024 208.58506996784129 208.47805913755624 208.34171212041636 208.1923441811243 207.96975098836759 -0.12499999999999999 208.15848679830492
decision_type=2 2 2 2 2 2 2 2 2 2 2 2 2 2 2 2 2 2 2 2 2 2 2
left_child=1 -1 -3 5 -5 6 -4 8 -8 10 -10 -12 -7 14 15 16 17 18 19 20 21 -14 -16
right_child=-2 2 3 4 -6 12 7 -9 9 -11 11 -13 13 -15 22 -17 -18 -19 -20 -21 -22 -23 -24
leaf_value=0.0085295259193314803 -0.0090385462167551344 -0.0098644891427829874 0.0069135299037125985 0.012884748113256964 -0.001427099745720625 0.0039599242460864941 -0.0080252768855322825 -0.0097373597556725151 -0.0046379092809123298 -0.010655481851704065 0.0020342695094378934 0.0094104649055571782 0.0025343047613701365 -0.00091145639789515535 0.0046045630518347022 -0.0036058236571514741 0.0041366244511057935 -0.0024370781816542147 0.0056572811880392865 -0.0031648553699293795 0.0065503648143600338 -0.0028155381062432479 0.0017911246736355892
leaf_weight=23 23 20 22 22 25 38 34 24 24 21 21 21 22 29 20 23 24 25 21 24 22 23 34
leaf_count=23 23 20 22 22 25 38 34 24 24 21 21 21 22 29 20 23 24 25 21 24 22 23 34
internal_value=1.72533e-11 0.000369905 2.17207e-05 0.000402692 0.00527206 -8.21816e-05 -0.00268978 -0.00414684 -0.00303797 -0.00108891 0.00195499 0.00572237 0.00134559 0.00097351 0.00120319 0.000724836 0.0013435 0.000854195 0.00158885 0.000649987 0.0020165 -0.000200059 0.00283314
internal_weight=585 562 539 519 47 472 167 145 121 87 66 42 305 267 238 184 161 137 112 91 67 45 54
internal_count=585 562 539 519 47 472 167 145 121 87 66 42 305 267 238 184 161 137 112 91 67 45 54
is_linear=0
shrinkage=0.1


Tree=57
num_leaves=23
num_cat=0
split_feature=0 1 1 1 1 1 0 0 1 1 0 0 0 1 0 0 0 0 1 0 0 0
split_gain=0.175117 0.0993321 0.0920969 0.0783954 0.183686 0.297322 0.11007 0.193922 0.160246 0.0591381 0.126101 0.0226531 0.0274909 0.0178383 0.0325477 0.0536457 0.0300159 0.045993 0.0324612 0.0257236 0.0339382 0.00909865
threshold=194.12528039589668 -0.4249999999999971 -0.35000000000000847 0.42499999999999721 0.26000000000000517 0.32499999999998869 204.62257565933058 201.40240379651138 -0.13500000000000509 0.084999999999993761 196.86338056825869 205.99601539021734 206.97966435834908 1.0000000180025095e-35 208.1923441811243 208.34171212041636 208.52584786471132 208.25305407766822 0.049999999999997165 208.47805913755624 208.58506996784129 207.84795697579298
decision_type=2 2 2 2 2 2 2 2 2 2 2 2 2 2 2 2 2 2 2 2 2 2
left_child=-1 -2 -3 4 6 -6 7 8 -4 10 -10 -8 -13 14 21 -16 17 18 -15 -17 -21 -14
right_child=1 2 3 -5 5 -7 11 -9 9 -11 -12 12 13 16 15 19 -18 -19 -20 20 -22 -23
leaf_value=-0.0078654109638322291 0.006966237700544298 -0.0056952070086621325 0.0058304204853371752 -0.0054330290210517973 0.015827964728232474 -0.00084330676447438163 0.0041920424544845116 -0.0089848351008682097 -0.0067908655107021335 -0.0069607986866132079 0.0036855178866298287 -0.0019504074743317982 0.0028192067252379716 -0.0037212784028088212 -0.0036012978936057721 0.0050915531681052281 -0.0023130618334107566 0.0042147765302974162 0.0013289906324020454 -0.0018329131093038167 0.0036609222784384412 0.0055160973813723436
leaf_weight=27 22 26 31 22 20 23 22 33 20 23 27 31 29 20 21 21 32 33 35 23 22 22
leaf_count=27 22 26 31 22 20 23 22 33 20 23 27 31 29 20 21 21 32 33 35 23 22 22
internal_value=-4.90039e-11 0.000380584 0.000110278 0.000406244 0.000669489 0.00691077 6.63991e-05 -0.00232958 -0.000155086 -0.00280581 -0.000772518 0.00109875 0.000863273 0.00120135 0.00197674 0.000800904 0.000309656 0.00126337 -0.000507471 0.0022016 0.000852962 0.00398257
internal_weight=585 558 536 510 488 43 445 134 101 70 47 311 289 258 138 87 120 88 55 66 45 51
internal_count=585 558 536 510 488 43 445 134 101 70 47 311 289 258 138 87 120 88 55 66 45 51
is_linear=0
shrinkage=0.1


Tree=58
num_leaves=23
num_cat=0
split_feature=0 1 1 0 0 1 1 1 0 0 1 1 1 0 0 0 0 0 0 0 0 0
split_gain=0.144077 0.113187 0.156652 0.122871 0.13465 0.0992929 0.0895442 0.0792509 0.241256 0.0985773 0.0566817 0.0484737 0.0211683 0.0231445 0.0509469 0.0436875 0.0843882 0.0348706 0.0291031 0.0177993 0.0226931 0.0148407
threshold=201.32901389860635 -0.38499999999999085 -0.24500000000000452 195.7333923122564 198.59827739408234 -0.35500000000000392 0.10999999999999945 -0.14999999999999145 206.01441221245105 204.93313684350093 0.22500000000000855 0.10000000000000854 0.1850000000000023 208.25305407766822 208.10620028390164 207.63370737756614 207.38843084751252 208.37270161559914 206.17075764789089 208.48814170570833 208.541814960799 208.27883471063149
decision_type=2 2 2 2 2 2 2 2 2 2 2 2 2 2 2 2 2 2 2 2 2 2
left_child=1 -1 -3 11 6 -2 -5 8 -7 -9 12 -4 13 14 15 16 18 -15 -11 -19 -21 -10
right_child=5 2 3 4 -6 7 -8 9 21 10 -12 -13 -14 17 -16 -17 -18 19 -20 20 -22 -23
leaf_value=-0.0089056240637665207 0.007427389227339755 0.0066443212330341344 -0.0038646366074681286 -0.00091190637411692969 -0.0063950189872196434 -0.011347624762648983 0.0068514781693617514 0.0062048737991701915 0.0027986345052098236 -0.00066183739400003114 -0.0037369959486218602 -0.010381707673271498 0.0042090537381314101 0.0051171081857039379 -0.0045647602328764544 0.0039508175285112475 -0.0057927517220377929 -0.0014431848960078282 0.0047328891512006524 0.0039985913904038847 0.00016342431764415882 -0.00062082257037135696
leaf_weight=23 23 21 25 39 27 21 24 37 30 20 26 21 21 26 21 31 21 23 20 27 36 22
leaf_count=23 23 21 25 39 27 21 24 37 30 20 26 21 21 26 21 31 21 23 20 27 36 22
internal_value=-5.43769e-12 -0.00235403 -0.00139424 -0.00263549 -0.000486604 0.00104623 0.00204557 0.000662028 -0.00230136 0.00136212 0.000703359 -0.00683982 0.00117266 0.000889269 -0.000120455 0.000894006 -0.000659455 0.00190801 0.00203553 0.000937814 0.00180707 0.00135194
internal_weight=585 180 157 136 90 405 63 382 73 309 272 46 246 225 113 92 61 112 40 86 63 52
internal_count=585 180 157 136 90 405 63 382 73 309 272 46 246 225 113 92 61 112 40 86 63 52
is_linear=0
shrinkage=0.1


Tree=59
num_leaves=25
num_cat=0
split_feature=1 1 1 1 1 0 0 0 0 0 0 0 1 0 0 1 0 1 1 1 0 0 0 0
split_gain=0.133236 0.114824 0.139438 0.0842018 0.152348 0.119636 0.211696 0.111804 0.201099 0.0677854 0.141383 0.021282 0.0199657 0.0468614 0.0302309 0.040658 0.0279733 0.0181128 0.0269852 0.0119676 0.0105739 0.0106134 0.00572411 0.00129439
threshold=0.42499999999999721 -0.4249999999999971 -0.37499999999999994 0.26000000000000517 0.32499999999998869 194.41165866914923 204.62257565933058 201.40240379651138 198.92269653010081 197.17957476727727 196.86338056825869 205.99601539021734 0.084999999999993761 206.74652291648056 207.83065761649408 -0.12499999999999999 208.10620028390164 -0.17999999999999258 -0.064999999999997712 1.0000000180025095e-35 207.60328022930301 208.38471347941754 208.49882690199902 208.50669783405354
decision_type=2 2 2 2 2 2 2 2 2 2 2 2 2 2 2 2 2 2 2 2 2 2 2 2
left_child=1 -1 -3 5 -5 -4 7 8 9 10 -7 -8 13 -13 15 -15 -16 -18 -19 22 -14 -22 -20 -21
right_child=-2 2 3 4 -6 6 11 -9 -10 -11 -12 12 20 14 16 -17 17 18 19 23 21 -23 -24 -25
leaf_value=0.0072248664006347892 -0.0074599697214105852 -0.0081833728589117537 0.0071241948076269839 0.010431376256218011 -0.00097864588815718906 -0.0067338906447677056 0.0039842473739885136 -0.0087126973660334069 0.0059054141951492061 -0.0094278414689359224 0.0037020342989957759 0.0056974893136482151 -0.0025784794579852711 0.001982960293535143 0.0044730487763881685 -0.0039204043527466381 0.0035341388590279079 -0.0021812161370631188 0.003602679792259421 0.00058793092612177136 0.0017950321407988669 -0.0013878797543425622 0.0013191487457927156 -0.00054978358559310437
leaf_weight=23 23 20 22 22 25 34 22 34 24 21 21 21 22 20 25 28 21 31 21 20 20 22 23 20
leaf_count=23 23 20 22 22 25 34 22 34 24 21 21 21 22 20 25 28 21 31 21 20 20 22 23 20
internal_value=1.96016e-12 0.000305301 1.00322e-05 0.00032577 0.00436222 -7.61638e-05 -0.000428181 -0.00375893 -0.00207464 -0.00459466 -0.00274926 0.000984223 0.000759731 0.00119444 0.000741976 -0.00146067 0.00139867 0.000833521 0.000340365 0.00127095 -0.000802488 0.000127793 0.00240902 1.90737e-05
internal_weight=585 562 539 519 47 472 450 134 100 76 55 316 294 230 209 48 161 136 115 84 64 42 44 40
internal_count=585 562 539 519 47 472 450 134 100 76 55 316 294 230 209 48 161 136 115 84 64 42 44 40
is_linear=0
shrinkage=0.1


Tree=60
num_leaves=22
num_cat=0
split_feature=0 1 1 1 1 0 1 1 1 0 0 1 0 0 0 0 1 0 1 0 0
split_gain=0.140285 0.0681636 0.0972189 0.114387 0.14437 0.11985 0.05836 0.119122 0.0845473 0.087529 0.0899952 0.064449 0.127797 0.0289466 0.0738817 0.0723548 0.0581515 0.0219805 0.0341369 0.0323676 0.0406924
threshold=194.12528039589668 -0.40500000000000108 -0.3350000000000079 -0.26000000000000506 -0.17000000000000168 206.95478491297249 -0.13500000000000509 -0.10000000000000851 -0.064999999999997712 201.32901389860635 201.88167294280586 0.23999999999999491 197.05049731287372 208.16616359089667 207.84303388433872 207.53054366993638 0.11500000000000911 208.4515246981808 0.025000000000005688 208.53460367561681 208.61879440828037
decision_type=2 2 2 2 2 2 2 2 2 2 2 2 2 2 2 2 2 2 2 2 2
left_child=-1 -2 -3 -4 5 -5 -6 -8 -9 11 -11 12 -10 14 15 16 -12 18 -15 -19 -21
right_child=1 2 3 4 6 -7 7 8 9 10 13 -13 -14 17 -16 -17 -18 19 -20 20 -22
leaf_value=-0.0070398493773407402 0.0049774084682576367 -0.0058852502216513343 0.0077964655868709085 -0.011069540930911899 0.0046837132671057732 -0.0007728674162465793 -0.0063756920145824555 0.005587403964477055 -0.00037464471878828826 0.0070100615809982024 -0.0038653376498118497 0.00081556955295981795 -0.010776000277006202 0.0064652578602544964 -0.0052468818110915335 0.0055049471828776102 0.0021174722176510842 -0.0022116192685509169 0.0011316440807422623 0.0052816142201084987 -0.00056196892222103027
leaf_weight=27 30 26 20 20 33 26 25 33 27 24 33 33 21 20 26 24 32 27 30 22 26
leaf_count=27 30 26 20 20 33 26 25 33 27 24 33 33 21 20 26 24 32 27 30 22 26
internal_value=6.44463e-11 0.000340638 7.71851e-05 0.000385996 7.85081e-05 -0.00524968 0.000640657 0.000309587 0.000751736 0.000289193 0.00117147 -0.00258639 -0.00492524 0.000587616 -0.000557367 0.000812603 -0.000919954 0.001641 0.00326509 0.000558275 0.00211634
internal_weight=585 558 528 502 482 46 436 403 378 345 264 81 48 240 115 89 65 125 50 75 48
internal_count=585 558 528 502 482 46 436 403 378 345 264 81 48 240 115 89 65 125 50 75 48
is_linear=0
shrinkage=0.1


Tree=61
num_leaves=22
num_cat=0
split_feature=0 1 1 1 1 0 0 0 0 1 0 1 1 0 0 1 1 0 0 0 1
split_gain=0.113631 0.0552126 0.0793308 0.0487385 0.198717 0.0735811 0.186498 0.124005 0.0848591 0.0354011 0.0218955 0.0179429 0.0165682 0.0352666 0.0277045 0.0240384 0.0256732 0.0268294 0.0401588 0.00975589 0.00732596
threshold=194.12528039589668 -0.40500000000000108 -0.31499999999999767 0.38000000000000972 0.26000000000000517 202.41911172668947 201.40240379651138 198.92269653010081 197.05049731287372 1.0000000180025095e-35 205.99601539021734 0.084999999999993761 -0.010000000000005114 208.10620028390164 208.48814170570833 -0.040000000000006246 -0.079999999999998281 208.4515246981808 208.1923441811243 208.18345510640191 -0.16500000000000623
decision_type=2 2 2 2 2 2 2 2 2 2 2 2 2 2 2 2 2 2 2 2 2
left_child=-1 -2 -3 4 5 6 7 8 9 -4 -7 12 15 -14 -15 16 17 18 20 -13 -12
right_child=1 2 3 -5 -6 10 -8 -9 -10 -11 11 19 13 14 -16 -17 -18 -19 -20 -21 -22
leaf_value=-0.0063358641781464777 0.0044796678874020777 -0.0050151142709214114 -0.0019393052107521465 -0.0033488636032085527 0.0082328756434435491 0.0036031492589110579 -0.0095279170486789484 0.0064226624758347214 -0.0068693621278119585 0.0034921723728378617 -0.00037028278224170212 -0.0021247037836620883 0.0046284971019143568 -0.001629349659999897 0.0026380785799119625 -0.0025487259505704669 0.0041811819230861153 0.0032681069514226349 -0.0044172266245281902 0.00034580021588639779 0.0023363690637052061
leaf_weight=27 30 29 28 33 32 27 26 23 24 21 20 31 34 29 32 24 20 21 21 33 20
leaf_count=27 30 29 28 33 32 27 26 23 24 21 20 31 34 29 32 24 20 21 21 33 20
internal_value=2.05555e-11 0.000306574 6.94665e-05 0.000364963 0.000627959 6.72283e-05 -0.00201503 1.97044e-05 -0.00199767 0.000388471 0.000881447 0.000623601 0.00105059 0.00204775 0.000609301 0.000298765 0.000968763 0.000185246 -0.000876066 -0.00085085 0.000983043
internal_weight=585 558 528 499 466 434 122 96 73 49 312 285 221 95 61 126 102 82 61 64 40
internal_count=585 558 528 499 466 434 122 96 73 49 312 285 221 95 61 126 102 82 61 64 40
is_linear=0
shrinkage=0.1


Tree=62
num_leaves=23
num_cat=0
split_feature=1 1 1 1 0 1 0 1 0 1 0 0 0 0 0 0 0 0 0 0 1 1
split_gain=0.100525 0.0696907 0.103968 0.0512708 0.146371 0.147305 0.125585 0.0817244 0.0944505 0.197284 0.0747901 0.11691 0.0389465 0.0367568 0.0186018 0.0445201 0.019035 0.0286873 0.0106125 0.0313853 0.00219139 0.000200626
threshold=0.42499999999999721 -0.4249999999999971 -0.37499999999999994 -0.12499999999999999 206.01441221245105 -0.20499999999998406 207.68131630460059 -0.084999999999993733 195.2133744255585 0.26000000000000517 205.89318847668474 197.05049731287372 201.59911937592662 206.74652291648056 207.53054366993638 207.84303388433872 208.16616359089667 208.37270161559914 208.53460367561681 208.61879440828037 0.025000000000005688 -0.19499999999999315
decision_type=2 2 2 2 2 2 2 2 2 2 2 2 2 2 2 2 2 2 2 2 2 2
left_child=1 -1 -3 4 5 -4 -6 -5 -9 10 11 -10 -13 -12 -15 -16 -17 -18 20 -20 -19 -8
right_child=-2 2 3 7 6 -7 21 8 9 -11 13 12 -14 14 15 16 17 18 19 -21 -22 -23
leaf_value=0.0056559447280090797 -0.0064798279948856527 -0.0070397897344082602 -8.7016917103411342e-05 0.0056525558515480075 0.0085007588556479854 -0.0090787599090253936 -0.0012729960726574063 -0.0056076015839304702 0.0028795633092522626 0.0077690435409061356 0.0049364387257290745 -0.0078707437588961728 -0.0022160272867906661 -0.002073831084514192 0.0049921898819182235 -0.0021377439921100934 0.0031187924899375111 -0.00066183842718601235 0.0036436246109328102 -0.0017034457371387956 -0.002142171896994114 -0.00082508298568427561
leaf_weight=23 23 20 38 33 21 35 20 24 25 37 21 29 21 24 23 27 37 20 21 23 20 20
leaf_count=23 23 20 38 33 21 35 20 24 25 37 21 29 21 24 23 27 37 20 21 23 20 20
internal_value=-1.82236e-11 0.000265189 3.51564e-05 0.000307794 -0.00137693 -0.00439813 0.0022386 0.000894166 0.000448067 0.000891165 1.6658e-05 -0.00270399 -0.00549576 0.000961327 0.000533238 0.000899142 0.00026306 0.000798777 -0.000223135 0.000848565 -0.00140201 -0.00104904
internal_weight=585 562 539 519 134 73 61 385 352 328 291 75 50 216 195 171 148 121 84 44 40 40
internal_count=585 562 539 519 134 73 61 385 352 328 291 75 50 216 195 171 148 121 84 44 40 40
is_linear=0
shrinkage=0.1


Tree=63
num_leaves=24
num_cat=0
split_feature=1 1 1 1 0 0 0 0 1 0 0 1 0 0 1 0 0 0 0 0 0 1 1
split_gain=0.0814253 0.0564495 0.0842137 0.0415293 0.118561 0.142326 0.124855 0.101724 0.0685364 0.313046 0.154838 0.157738 0.0695525 0.0881473 0.033877 0.0306459 0.0160033 0.0256912 0.0219146 0.021084 0.014439 0.0180274 0.000162507
threshold=0.42499999999999721 -0.4249999999999971 -0.37499999999999994 -0.12499999999999999 206.01441221245105 201.06929793433235 196.93339816005044 207.68131630460059 -0.064999999999997712 206.21377377418193 195.2133744255585 0.26000000000000517 205.89318847668474 197.05049731287372 -0.025000000000005681 201.59911937592662 208.26089760541132 208.08932478921656 208.48814170570833 208.541814960799 207.38843084751252 0.074999999999988645 -0.19499999999999315
decision_type=2 2 2 2 2 2 2 2 2 2 2 2 2 2 2 2 2 2 2 2 2 2 2
left_child=1 -1 -3 4 5 6 -4 -6 9 -5 -10 12 13 -12 -14 -15 17 20 -18 -20 -16 -22 -9
right_child=-2 2 3 8 7 -7 -8 22 10 -11 11 -13 14 15 16 -17 18 -19 19 -21 21 -23 -24
leaf_value=0.0050903505443230922 -0.005831844991315966 -0.0063358107581734657 -0.0055347939921458339 0.013995495564304293 0.0076506829942532247 -0.0092446481777975955 0.0052451427737694421 -0.001145696542225778 -0.0076389992710850819 -0.0019528585638909136 0.0027368273940824328 0.0069921388674678425 0.0040146227276343259 -0.007083669813863676 0.0021898990239216285 -0.0019954017456620932 -0.0028102323958842921 0.0043898790276476318 0.0029617930762469769 -0.0011750666657462717 -0.0026491271493875464 0.0014033435001259758 -0.00074257477652281531
leaf_weight=23 23 20 22 20 21 30 21 20 23 32 21 37 31 29 28 20 29 21 22 28 23 21 20
leaf_count=23 23 20 22 20 21 30 21 20 23 32 21 37 31 29 28 20 29 21 22 28 23 21 20
internal_value=-1.80493e-11 0.00023867 3.16407e-05 0.000277015 -0.00123924 -0.00395831 -0.000270174 0.00201474 0.00080475 0.00418112 0.000277508 0.000864862 3.44248e-05 -0.00268373 0.00097172 -0.00500683 0.000423289 0.00131231 -0.00062328 0.000645152 0.000414687 -0.000714993 -0.000944136
internal_weight=585 562 539 519 134 73 43 61 385 52 333 310 273 70 203 49 172 93 79 50 72 44 40
internal_count=585 562 539 519 134 73 43 61 385 52 333 310 273 70 203 49 172 93 79 50 72 44 40
is_linear=0
shrinkage=0.1


Tree=64
num_leaves=23
num_cat=0
split_feature=1 1 0 0 0 0 1 1 0 1 0 1 0 0 0 0 1 0 1 1 0 1
split_gain=0.0704582 0.109189 0.0809252 0.152268 0.188061 0.16681 0.121813 0.217114 0.179049 0.0851813 0.0389739 0.0145797 0.0276084 0.026172 0.0229784 0.0221486 0.0259779 0.0434273 0.0816812 0.0199218 0.0178021 0.00852506
threshold=0.29500000000000176 0.23999999999999491 194.41165866914923 201.59911937592662 204.12121356540561 201.08828359383855 -0.14000000000000054 -0.025000000000005681 197.10927215269015 -0.3350000000000079 201.80698007729026 -0.025000000000005681 207.53054366993638 207.84303388433872 208.16616359089667 206.21377377418193 -0.070000000000007376 208.38905161596736 -0.15500000000000111 0.01500000000000057 208.52584786471132 0.10000000000000854
decision_type=2 2 2 2 2 2 2 2 2 2 2 2 2 2 2 2 2 2 2 2 2 2
left_child=1 2 -1 5 -5 6 8 -8 -4 -6 -2 15 21 -14 -15 -11 17 18 -17 -16 -21 -13
right_child=10 -3 3 4 9 -7 7 -9 -10 11 -12 12 13 14 19 16 -18 -19 -20 20 -22 -23
leaf_value=0.0053010376727408064 -0.0056513977353461094 0.0076080897753126918 -0.0046750943548977374 0.0095767622813582431 -0.0057866602035408672 -0.011125973561270671 -0.012119747374368751 0.00031837815638735063 0.0080191731812665253 0.0045110666751861572 -0.00038177929725497964 -0.0034593466547844206 0.0039194700223478401 -0.0027498970400880686 -0.0013489477602498872 0.0016557175553692826 0.0032615132446429046 0.0030166892365929834 -0.006424736220453104 0.0033953259507303727 -4.4050650602137607e-05 -0.00063639052212238322
leaf_weight=28 32 20 20 23 22 22 23 36 25 20 25 23 22 22 28 29 33 29 22 34 27 20
leaf_count=28 32 20 20 23 22 22 23 36 25 20 25 23 22 22 28 29 33 29 22 34 27 20
internal_value=-5.68346e-11 0.000360586 7.52508e-05 -0.000229587 0.000833008 -0.00321497 -0.00154149 -0.00453038 0.00237728 0.000225436 -0.00334016 0.000653482 5.6358e-05 0.00076851 0.000143995 0.00144366 0.000900757 -7.3055e-05 -0.00182997 0.000859339 0.00187298 -0.00214634
internal_weight=585 528 508 480 354 126 104 59 45 331 57 309 176 133 111 133 113 80 51 89 61 43
internal_count=585 528 508 480 354 126 104 59 45 331 57 309 176 133 111 133 113 80 51 89 61 43
is_linear=0
shrinkage=0.1


Tree=65
num_leaves=22
num_cat=0
split_feature=0 0 0 1 1 0 1 0 0 0 0 1 0 0 0 0 0 1 1 1 0
split_gain=0.0745301 0.0747044 0.0733121 0.207674 0.0579377 0.227728 0.106613 0.133184 0.284837 0.0884456 0.0738909 0.0714137 0.0392056 0.0138838 0.0301862 0.0150927 0.0292104 0.0450803 0.0325948 0.0291263 0.0101469
threshold=194.12528039589668 194.89813595402049 197.10927215269015 -0.084999999999993733 -0.26000000000000506 202.41911172668947 -0.17000000000000168 201.6115857208022 200.33853492967094 205.89318847668474 207.49764013419897 0.22500000000000855 206.21377377418193 208.61879440828037 208.53460367561681 208.49882690199902 208.38905161596736 -0.070000000000007376 0.01500000000000057 0.074999999999988645 208.10620028390164
decision_type=2 2 2 2 2 2 2 2 2 2 2 2 2 2 2 2 2 2 2 2 2
left_child=-1 -2 3 -3 5 -4 10 8 -8 -9 -6 12 -11 14 15 16 17 -14 20 -20 -19
right_child=1 2 4 -5 6 -7 7 9 -10 11 -12 -13 13 -15 -16 -17 -18 18 19 -21 -22
leaf_value=-0.0051312491616786081 0.0057061279347787302 -0.011022384295409377 0.010385693907021331 0.0011861617707549349 -0.0091634239768609415 -0.0019695681227105007 -0.00057256570195450497 -0.0051484404653875217 0.014240014056364695 0.0046778991469182078 -0.00085247062227648243 -0.0046703052093597271 -0.0036350413070370758 -0.0018451351633605858 0.0039543462162837384 -0.002342852535657585 0.0039568836440924899 0.0041910039511724164 -0.0033393784086608019 0.0010671511315740645 0.0013395922452521822
leaf_weight=27 24 22 26 38 20 35 34 33 21 24 23 26 27 24 25 20 22 26 24 40 24
leaf_count=27 24 22 26 38 20 35 34 33 21 24 23 26 27 24 25 20 22 26 24 40 24
internal_value=4.28448e-11 0.000248286 2.99004e-06 -0.00329031 0.000419863 0.00329661 -5.03188e-06 0.000542695 0.00508315 -0.000250082 -0.00471803 0.00032313 0.000830276 0.000432246 0.00069502 0.000249757 0.000567869 3.90863e-05 0.000909274 -0.000585297 0.00282233
internal_weight=585 558 534 60 474 61 413 370 55 315 43 282 256 232 208 183 163 141 114 64 50
internal_count=585 558 534 60 474 61 413 370 55 315 43 282 256 232 208 183 163 141 114 64 50
is_linear=0
shrinkage=0.1


Tree=66
num_leaves=23
num_cat=0
split_feature=0 0 0 1 1 0 0 1 1 1 1 1 1 0 0 1 1 0 0 0 0 0
split_gain=0.0603694 0.0605105 0.0603467 0.3058 0.122654 0.167142 0.12225 0.0886625 0.0585666 0.0344429 0.0320583 0.0143802 0.0219494 0.0346792 0.0188527 0.0166325 0.0293066 0.0181279 0.012778 0.0427484 0.0306716 0.0171507
threshold=194.12528039589668 194.89813595402049 201.32901389860635 -0.35000000000000847 -0.14000000000000054 198.59827739408234 204.12121356540561 0.10999999999999945 -0.3350000000000079 -0.019999999999996017 0.22500000000000855 0.1850000000000023 -0.025000000000005681 207.56003853280382 206.21377377418193 -0.070000000000007376 -0.11999999999999032 208.15848679830492 208.541814960799 208.48814170570833 208.26089760541132 208.08932478921656
decision_type=2 2 2 2 2 2 2 2 2 2 2 2 2 2 2 2 2 2 2 2 2 2
left_child=-1 -2 3 -3 -5 7 9 -6 -8 -4 11 12 14 -14 -10 16 17 -16 19 20 21 -15
right_child=1 2 6 4 5 -7 8 -9 10 -11 -12 -13 13 18 15 -17 -18 -19 -20 -21 -22 -23
leaf_value=-0.00461812396792488 0.0051355153632660711 -0.012922359481897384 0.0029288266242171331 0.0059623625516126467 -0.0029327833450709783 -0.0096446452289819726 -0.0050110376016660177 0.0047554127363643303 0.004203936522826553 0.0084743246879606018 -0.0028067182896969224 0.0031437767004328116 -0.0030966329281606406 -0.0002175417142333808 0.0031669888472943396 0.0027620484622082478 -0.003013847421177409 -0.00037726650292414332 -0.0016658211013039007 0.0050689423270523547 -0.0027543631082932868 0.0036460654600523413
leaf_weight=27 24 21 24 28 30 20 22 30 20 21 30 21 36 27 27 33 22 31 23 20 28 20
leaf_count=27 24 21 24 28 30 20 22 30 20 21 30 21 36 27 27 33 22 31 23 20 28 20
internal_value=1.48554e-11 0.000223458 2.69099e-06 -0.00188091 0.000266038 -0.00172768 0.000602653 0.000911315 -1.16062e-05 0.00551673 0.000313801 0.000617747 0.000432916 -0.000379794 0.00137395 0.000873065 9.38599e-05 0.00127265 0.000449072 0.000961099 -0.000134326 0.00142655
internal_weight=585 558 534 129 108 80 405 60 360 45 338 308 287 154 133 113 80 58 118 95 75 47
internal_count=585 558 534 129 108 80 405 60 360 45 338 308 287 154 133 113 80 58 118 95 75 47
is_linear=0
shrinkage=0.1


Tree=67
num_leaves=24
num_cat=0
split_feature=1 1 1 0 0 1 0 0 1 0 0 0 0 1 0 0 0 0 0 1 0 0 0
split_gain=0.056497 0.0513989 0.0544317 0.0892042 0.163905 0.0772055 0.267529 0.126768 0.13832 0.0525274 0.0724412 0.0487872 0.0238584 0.0201113 0.0153824 0.0323642 0.0286528 0.0337141 0.0181073 0.0383739 0.0107668 0.00430309 0.00344806
threshold=0.42499999999999721 -0.4249999999999971 -0.12499999999999999 204.3921222307894 201.06929793433235 -0.064999999999997712 206.21377377418193 195.2133744255585 0.26000000000000517 205.89318847668474 197.05049731287372 195.85410442947776 206.74652291648056 0.084999999999993761 207.53054366993638 207.84303388433872 208.16616359089667 208.37270161559914 208.5913024218967 0.049999999999997165 207.68131630460059 208.30004270385669 206.25826842490335
decision_type=2 2 2 2 2 2 2 2 2 2 2 2 2 2 2 2 2 2 2 2 2 2 2
left_child=1 -1 3 4 11 6 -4 -7 9 10 -9 -3 -11 -12 -14 -16 -17 -18 19 -19 22 -22 -5
right_child=-2 2 5 20 -6 7 -8 8 -10 12 13 -13 14 -15 15 16 17 18 -20 -21 21 -23 -24
leaf_value=0.0048283594498491804 -0.0048577918468610103 -0.0049573196386474942 0.01329322349280119 0.0009359499160200357 -0.011836477296892554 -0.0070858559368745149 -0.0014501476798614021 0.0023828390409194287 0.006346437896324976 0.0038371077643075424 -0.0028826194898491459 0.0012457453703973442 -0.002139861940446755 -0.0069764416753536175 0.004096264230168384 -0.003018213212490082 0.0033518240115988779 -0.0039133079157307234 0.0016578533999294183 0.0016996851567888543 -0.0014913892140612007 0.00055815516610718558 0.0027928461227566003
leaf_weight=23 23 21 20 20 20 23 32 21 37 21 28 32 23 21 23 25 34 29 27 21 20 21 20
leaf_count=23 23 21 20 20 20 23 32 21 37 21 28 32 23 21 23 25 34 29 27 21 20 21 20
internal_value=7.45755e-12 0.000198806 1.25594e-06 -0.00158766 -0.00412287 0.000636823 0.00422038 7.72289e-05 0.000608684 -0.000168961 -0.00253113 -0.00121207 0.00064558 -0.00463711 0.000277327 0.000626983 4.02661e-05 0.000729113 -0.000428968 -0.00155585 0.000697153 -0.000441623 0.0018644
internal_weight=585 562 539 154 73 385 52 333 310 273 70 53 203 49 182 159 136 111 77 50 81 41 40
internal_count=585 562 539 154 73 385 52 333 310 273 70 53 203 49 182 159 136 111 77 50 81 41 40
is_linear=0
shrinkage=0.1


Tree=68
num_leaves=24
num_cat=0
split_feature=1 1 0 0 0 0 1 1 0 1 0 1 0 0 0 1 1 0 1 0 1 1 0
split_gain=0.0563917 0.0886635 0.093942 0.119545 0.154966 0.137429 0.10813 0.19375 0.109347 0.0540201 0.0411192 0.0126691 0.017848 0.0182616 0.0159647 0.0161417 0.0148014 0.0118286 0.0546411 0.013488 0.0147029 0.00911115 0.00664842
threshold=0.29500000000000176 0.23999999999999491 194.41165866914923 201.59911937592662 204.12121356540561 201.08828359383855 -0.14000000000000054 -0.025000000000005681 197.10927215269015 -0.3350000000000079 201.80698007729026 -0.025000000000005681 207.53054366993638 207.84303388433872 208.16616359089667 0.01500000000000057 0.06499999999999774 208.49882690199902 -0.070000000000007376 207.56003853280382 -0.15500000000000111 0.094999999999998877 208.51984023750109
decision_type=2 2 2 2 2 2 2 2 2 2 2 2 2 2 2 2 2 2 2 2 2 2 2
left_child=1 2 -1 5 -5 6 8 -8 -4 -6 -2 17 21 -14 -15 -16 -17 18 19 -11 -21 -13 -18
right_child=10 -3 3 4 9 -7 7 -9 -10 11 -12 12 13 14 15 16 22 -19 -20 20 -22 -23 -24
leaf_value=0.0056958730149615023 -0.0053621918428689245 0.0068534797197207821 -0.0032083909958600999 0.008615723163213419 -0.0046607305973090912 -0.010088771386918697 -0.011374630113942144 0.00037519213122626151 0.0067119133137166498 0.0021009271993534641 5.0517384777776892e-05 -0.00036988704287934873 0.0031159146096218717 -0.0024499409578063271 -0.0014293071680835316 0.0036207170734303962 0.0016314348857849837 -0.00050616554067199745 0.0061379902276464489 0.0012006335542537273 -0.0022997166990535336 -0.0032819434312510894 -0.00094701806752709675
leaf_weight=28 32 20 20 23 22 22 23 36 25 32 25 21 22 22 28 21 20 31 22 24 24 22 20
leaf_count=28 32 20 20 23 22 22 23 36 25 32 25 21 22 22 28 21 20 31 22 24 24 22 20
internal_value=3.40092e-11 0.000322589 6.54678e-05 -0.000262973 0.000678547 -0.00290819 -0.00138923 -0.00420525 0.00230289 0.000127021 -0.0029882 0.000467897 -8.87282e-05 0.000483866 -3.7801e-05 0.000558458 0.00147088 0.00120448 0.00172439 0.000510646 -0.000549542 -0.00185978 0.000342208
internal_weight=585 528 508 480 354 126 104 59 45 331 57 309 176 133 111 89 61 133 102 80 48 43 40
internal_count=585 528 508 480 354 126 104 59 45 331 57 309 176 133 111 89 61 133 102 80 48 43 40
is_linear=0
shrinkage=0.1


Tree=69
num_leaves=22
num_cat=0
split_feature=0 0 0 1 1 0 1 0 1 0 0 0 0 1 1 0 0 0 0 0 0
split_gain=0.0485453 0.0599495 0.0550764 0.151594 0.0610301 0.183576 0.0916725 0.146596 0.15823 0.101648 0.0635292 0.0194702 0.0402305 0.0176796 0.0247683 0.0159739 0.0479544 0.0452041 0.0227425 0.0403085 0.0166167
threshold=194.12528039589668 194.89813595402049 197.10927215269015 -0.084999999999993733 -0.26000000000000506 202.41911172668947 -0.17000000000000168 201.40240379651138 0.084999999999993761 202.41911172668947 207.49764013419897 208.62783141795038 208.53460367561681 0.14499999999999605 0.21500000000000344 208.10620028390164 207.63370737756614 208.25305407766822 207.38843084751252 206.17075764789089 208.37270161559914
decision_type=2 2 2 2 2 2 2 2 2 2 2 2 2 2 2 2 2 2 2 2 2
left_child=-1 -2 3 -3 5 -4 10 8 -8 -9 -6 12 13 15 -15 16 18 -17 19 -11 -19
right_child=1 2 4 -5 6 -7 7 9 -10 11 -12 -13 -14 14 -16 17 -18 20 -20 -21 -22
leaf_value=-0.0041412464311751714 0.0050896170083433393 -0.009479939484357271 0.0096593701025435279 0.00095076015292617838 -0.008586354614235462 -0.0014337092292095934 0.011822200380265713 -0.0064617392122745523 8.1173555615047613e-05 -0.0015174680768891618 -0.00088012437538608271 -0.0023853145644630383 0.0039506249057514407 -0.0039812636057225369 0.00036165109737214219 -0.004449191636972087 0.004520922631490976 0.0026920178180767432 -0.0029074001835570451 0.0043240692510846113 -0.00051866726869775448
leaf_weight=27 24 22 26 38 20 35 22 25 24 27 23 27 29 24 29 22 32 27 21 21 40
leaf_count=27 24 22 26 38 20 35 22 25 24 27 23 27 29 24 29 22 32 27 21 21 40
internal_value=1.20036e-11 0.000200383 -1.9358e-05 -0.00287383 0.000341968 0.00329449 -9.4119e-05 0.000413781 0.00569645 -0.000336228 -0.00446442 0.000175939 0.000430181 1.00455e-05 -0.00160495 0.000460545 0.00132127 -0.00051623 -0.000162632 0.0010382 0.000775191
internal_weight=585 558 534 60 474 61 413 370 46 324 43 299 272 243 53 190 101 89 69 48 67
internal_count=585 558 534 60 474 61 413 370 46 324 43 299 272 243 53 190 101 89 69 48 67
is_linear=0
shrinkage=0.1


Tree=70
num_leaves=22
num_cat=0
split_feature=1 1 0 0 1 1 0 1 0 0 1 0 0 0 0 0 1 1 0 0 0
split_gain=0.0456481 0.0749942 0.0828899 0.109821 0.137778 0.215769 0.159582 0.132266 0.0519729 0.0348703 0.0262315 0.0500189 0.0287532 0.0189499 0.031846 0.0229712 0.0239763 0.0422342 0.0184576 0.0116372 0.00658707
threshold=0.29500000000000176 0.23999999999999491 194.41165866914923 201.59911937592662 0.045000000000001712 -0.17000000000000168 196.89693606981507 -0.35500000000000392 198.77252034286087 201.80698007729026 0.049999999999997165 206.01441221245105 207.45785760578943 208.60019281397311 208.50669783405354 208.38905161596736 -0.070000000000007376 -0.14999999999999145 208.46953803200128 208.00074442552994 207.84303388433872
decision_type=2 2 2 2 2 2 2 2 2 2 2 2 2 2 2 2 2 2 2 2 2
left_child=1 2 -1 4 5 8 -7 -5 -4 -2 11 -9 -12 14 15 16 17 -13 20 -18 -14
right_child=9 -3 3 7 -6 6 -8 10 -10 -11 12 13 18 -15 -16 -17 19 -19 -20 -21 -22
leaf_value=0.0053426057732264909 -0.00487469444051385 0.0062966294772923001 -0.0028359811220850266 0.0081566428575156769 -0.0085788573528970454 -0.0028552780509926382 0.008930105712540725 -0.003697140584102808 -0.0095104277180507787 0.00010978887113742531 0.0041614736169416069 0.00048608129533628627 0.00045735843479633332 0.0029910857196558606 -0.0031474270247693718 0.0035417874213418965 -0.00011634232068900019 -0.0052453063731081788 0.0024660398709346301 0.0025405974942259491 -0.0020240679545247037
leaf_weight=28 32 20 28 22 31 20 27 39 20 25 29 36 20 22 29 21 32 20 27 34 23
leaf_count=28 32 20 28 22 31 20 27 39 20 25 29 36 20 22 29 21 32 20 27 34 23
internal_value=2.61288e-11 0.000290238 5.37656e-05 -0.00025475 -0.00279011 -0.000901145 0.00391505 0.000647665 -0.005617 -0.00268852 0.000150082 -0.000429323 0.00151373 0.000227609 -0.000125859 0.000486907 -3.89331e-05 -0.00156084 0.00041681 0.00125238 -0.000869916
internal_weight=585 528 508 480 126 95 47 354 48 57 332 233 99 194 172 143 122 56 70 66 43
internal_count=585 528 508 480 126 95 47 354 48 57 332 233 99 194 172 143 122 56 70 66 43
is_linear=0
shrinkage=0.1


Tree=71
num_leaves=23
num_cat=0
split_feature=0 0 1 1 0 1 1 1 1 0 0 0 0 0 0 1 0 0 1 0 0 1
split_gain=0.0488665 0.0512385 0.0408497 0.205946 0.0732968 0.224787 0.126916 0.112618 0.0929406 0.12537 0.016488 0.0278561 0.0238883 0.0132875 0.0340887 0.021678 0.0338261 0.0257104 0.0210189 0.0216326 0.0242262 0.0149409
threshold=194.12528039589668 194.89813595402049 0.38000000000000972 0.26000000000000517 201.59911937592662 -0.35000000000000847 0.084999999999993761 -0.35500000000000392 -0.17000000000000168 197.20301658127445 204.62257565933058 205.99601539021734 206.97966435834908 207.54592492091749 207.83065761649408 0.074999999999988645 208.10620028390164 208.52584786471132 -0.17999999999999258 208.34171212041636 208.47805913755624 -1.0000000180025095e-35
decision_type=2 2 2 2 2 2 2 2 2 2 2 2 2 2 2 2 2 2 2 2 2 2
left_child=-1 -2 3 4 5 -3 8 -6 -7 -10 -9 -12 -13 -14 -15 16 -16 -17 -18 -20 -21 -22
right_child=1 2 -4 -5 7 6 -8 10 9 -11 11 12 13 14 15 17 18 -19 19 20 21 -23
leaf_value=-0.0041549235905727578 0.0047211236475656433 -0.011581614579137584 -0.0037201959215703291 0.0082397284203519425 0.0073409784839234566 -0.003356650318892207 -0.0066725864938537898 -0.002569977442423503 -0.00024227541504876209 0.010059815414604687 0.0035806345245377584 -0.0027336119946407816 0.0020782023428403068 -0.0032709183588880923 0.0044049018877558412 0.000696287911547267 0.00321572194142001 -0.0042061243587158976 -0.0023316602838937854 0.0035912388569808436 -0.0018993565684650095 0.0014481322571858377
leaf_weight=27 24 22 28 30 22 24 24 24 27 21 22 31 33 29 24 23 21 20 34 21 30 24
leaf_count=27 24 22 28 30 22 24 24 24 27 21 22 31 33 29 24 23 21 20 34 21 30 24
internal_value=-5.87586e-11 0.000201045 -2.10499e-06 0.000203639 -0.000302837 -0.00246426 -0.000374865 0.000409587 0.00172438 0.00426489 -4.42543e-05 0.000150032 -0.00011022 0.000203776 -6.99232e-05 0.000401289 0.000955596 -0.0015839 0.000318802 -0.000239321 0.000709207 -0.000411584
internal_weight=585 558 534 506 476 118 96 358 72 48 336 312 290 259 226 197 154 43 130 109 75 54
internal_count=585 558 534 506 476 118 96 358 72 48 336 312 290 259 226 197 154 43 130 109 75 54
is_linear=0
shrinkage=0.1


Tree=72
num_leaves=23
num_cat=0
split_feature=1 0 1 0 0 1 1 0 1 0 0 1 0 0 0 0 1 1 0 0 0 0
split_gain=0.0422478 0.0538414 0.0705066 0.0512434 0.15427 0.070969 0.132003 0.117058 0.0609611 0.0418584 0.0402987 0.0216054 0.020384 0.0298245 0.0324925 0.0162938 0.0150115 0.0246352 0.0133033 0.0196511 0.00824817 0.00582577
threshold=0.28499999999999664 194.41165866914923 0.21500000000000344 201.59911937592662 204.12121356540561 0.045000000000001712 -0.17000000000000168 196.89693606981507 -0.3350000000000079 198.14957405151569 201.80698007729026 -0.025000000000005681 208.08932478921656 208.26089760541132 208.48814170570833 206.21377377418193 0.094999999999998877 0.025000000000005688 207.78770902457691 208.3072570887426 208.54712642718059 208.541814960799
decision_type=2 2 2 2 2 2 2 2 2 2 2 2 2 2 2 2 2 2 2 2 2 2
left_child=1 -1 3 5 -5 6 9 -8 -6 -3 -2 15 16 -14 -15 -10 17 -13 -17 -20 -21 -16
right_child=10 2 -4 4 8 -7 7 -9 11 -11 -12 12 13 14 21 18 -18 -19 19 20 -22 -23
leaf_value=0.0044754223665222524 -0.0047800813308533502 -0.00088222056627273559 0.0051115831933342499 0.0084877807895695281 -0.0052476244216615505 -0.0064163147704675797 -0.0027192412689328194 0.0073745167057495571 0.0037897298112511638 -0.0068720972477292119 0.00044983631926767817 -0.0033177686203271148 0.0037362876443131385 -0.0031580575822113921 0.0022791240491311661 -0.0010715304363158441 -0.0036843996391528184 0.001390910379588604 0.0035697431476027879 -0.00072424752270859301 0.0017754757095562212 6.8070218325234387e-05
leaf_weight=29 34 20 26 22 22 28 20 27 20 28 26 20 21 29 22 31 27 25 27 33 22 26
leaf_count=29 34 20 26 22 22 28 20 27 20 28 26 20 21 29 22 31 27 25 27 33 22 26
internal_value=7.84933e-11 0.00028729 4.2419e-05 -0.000238003 0.000383664 -0.00199181 -0.000687747 0.0030793 -0.000164922 -0.00437632 -0.00251378 0.000204119 -0.000542779 0.000395805 -0.000515235 0.0011588 -0.0018203 -0.000701836 0.00069315 0.00136028 0.000275642 0.00108147
internal_weight=585 525 496 470 347 123 95 47 325 48 60 303 170 98 77 133 72 45 113 82 55 48
internal_count=585 525 496 470 347 123 95 47 325 48 60 303 170 98 77 133 72 45 113 82 55 48
is_linear=0
shrinkage=0.1


Tree=73
num_leaves=24
num_cat=0
split_feature=0 1 0 0 0 1 1 1 0 1 1 1 0 0 0 0 0 0 1 1 0 1 0
split_gain=0.0464263 0.0459681 0.0296432 0.151895 0.0868018 0.0406275 0.114438 0.0620515 0.0391372 0.0620959 0.0225173 0.0160444 0.0117063 0.0241475 0.0339117 0.017593 0.0226517 0.0198964 0.024704 0.0093258 0.00914149 0.00600199 0.00196375
threshold=194.12528039589668 -0.40500000000000108 201.40240379651138 198.92269653010081 202.41911172668947 0.10999999999999945 -0.049999999999997151 -0.15500000000000111 205.84759946587414 0.22500000000000855 -0.22499999999999429 0.1850000000000023 206.17075764789089 207.38843084751252 207.57374058172289 208.10620028390164 208.25305407766822 208.5327853553909 -0.064999999999997712 0.025000000000005688 208.60019281397311 1.0000000180025095e-35 196.61260522633145
decision_type=2 2 2 2 2 2 2 2 2 2 2 2 2 2 2 2 2 2 2 2 2 2 2
left_child=-1 -2 3 5 -4 6 7 -3 -6 10 -10 12 -12 -14 -15 21 -17 18 -18 -20 -19 -16 -7
right_child=1 2 4 -5 8 22 -8 -9 9 -11 11 -13 13 14 15 16 17 20 19 -21 -22 -23 -24
leaf_value=-0.0040498549924921938 0.0040037034405395388 -0.0024897086717512295 -0.0054576886439463125 0.0075341831178714833 0.003968916437968247 0.0013338238187134265 -0.0073739053830504421 0.005028749505678813 -0.0025517299472241953 -0.0049887738880128249 -0.0019882534325006418 0.0031049546413123609 0.0034534234229637232 -0.0037725155042218311 0.0035368839278817179 -0.0028562035246674595 -0.0012560736663131552 -0.0023751761945895854 0.0041878977130788064 0.0015015627989279374 0.00025568181881681086 0.0011163289348284403 0.0027351607941091061
leaf_weight=27 30 23 32 30 23 20 25 21 29 26 23 20 23 21 20 24 22 25 24 28 28 21 20
leaf_count=27 30 23 32 30 23 20 25 21 29 26 23 20 23 21 20 24 22 25 24 28 28 21 20
internal_value=1.57534e-11 0.000195961 -2.03883e-05 0.00123308 -0.000468285 -0.00050117 -0.00197112 0.00109865 -2.10559e-05 -0.000295814 0.000100344 0.000376008 0.000165279 0.000375157 4.27617e-05 0.000460058 -3.87385e-05 0.000493696 0.00155297 0.00274141 -0.000985289 0.00229709 0.00203449
internal_weight=585 558 528 139 389 109 69 44 357 334 308 279 259 236 213 192 151 127 74 52 53 41 40
internal_count=585 558 528 139 389 109 69 44 357 334 308 279 259 236 213 192 151 127 74 52 53 41 40
is_linear=0
shrinkage=0.1


Tree=74
num_leaves=23
num_cat=0
split_feature=0 0 1 1 0 1 1 1 0 1 0 0 0 0 0 1 0 1 0 0 0 1
split_gain=0.0376053 0.0432462 0.038005 0.173025 0.0534857 0.179379 0.0962038 0.0956157 0.0667953 0.04306 0.0179389 0.0207073 0.0202408 0.0136746 0.0245282 0.0171095 0.0336007 0.0272743 0.0224145 0.0271601 0.0250545 0.00467113
threshold=194.12528039589668 194.89813595402049 0.26000000000000517 0.34499999999998471 201.59911937592662 -0.35000000000000847 0.084999999999993761 -0.35500000000000392 198.59827739408234 -0.10999999999999942 204.62257565933058 205.99601539021734 206.97966435834908 207.54592492091749 207.83065761649408 -0.055000000000006814 208.3072570887426 -0.010000000000005114 208.26089760541132 208.48814170570833 208.541814960799 -0.12499999999999999
decision_type=2 2 2 2 2 2 2 2 2 2 2 2 2 2 2 2 2 2 2 2 2 2
left_child=-1 -2 4 -4 5 -3 8 -6 9 -7 -9 -12 -13 -14 -15 16 -16 -17 -19 -20 -21 -18
right_child=1 2 3 -5 7 6 -8 10 -10 -11 11 12 13 14 15 17 21 18 19 20 -22 -23
leaf_value=-0.0036448691307601555 0.0043289800329754753 -0.010295687140156093 0.0096564067084164845 -0.0017082760569866043 0.00669059485027736 0.0026895755192353613 -0.0057676817988976843 -0.002748866138669352 0.0057192773446440703 -0.0033986357828745479 0.0030461191898211839 -0.0025509058366409475 0.0020544785300664831 -0.0028399847415757594 0.0047892042075876494 -0.0034931395668536427 -0.0011569496168522164 0.0024302600951427045 -0.0030720428965086569 0.0034001480106131306 -0.0011691808792030705 0.0010043299617245793
leaf_weight=27 24 22 21 37 22 21 24 24 25 26 22 31 33 29 22 23 20 34 29 21 28 20
leaf_count=27 24 22 21 37 22 21 24 24 25 26 22 31 33 29 22 23 20 34 29 21 28 20
internal_value=-5.45262e-12 0.000176365 -1.02698e-05 0.00240652 -0.000304753 -0.00215111 -0.000284645 0.000303823 0.00154303 -0.000678371 -0.000114359 8.82959e-05 -0.000136091 0.000152941 -0.000124717 0.000274993 0.00165016 -0.000356567 0.00028755 -0.000646451 0.000789103 -7.63098e-05
internal_weight=585 558 534 58 476 118 96 358 72 47 336 312 290 259 226 197 62 135 112 78 49 40
internal_count=585 558 534 58 476 118 96 358 72 47 336 312 290 259 226 197 62 135 112 78 49 40
is_linear=0
shrinkage=0.1


Tree=75
num_leaves=25
num_cat=0
split_feature=1 0 0 1 0 1 0 0 0 1 0 1 1 0 0 1 0 0 1 0 0 1 0 0
split_gain=0.0400964 0.131772 0.152073 0.0681085 0.122097 0.0716537 0.207038 0.138934 0.0627109 0.0440948 0.135208 0.130028 0.112396 0.0810966 0.0262865 0.0245764 0.033653 0.0388865 0.0286289 0.0162082 0.0221344 0.0187855 0.0131348 0.00146007
threshold=-0.2999999999999971 202.41911172668947 197.10927215269015 -0.12499999999999999 203.55888238073373 -0.064999999999997712 206.21377377418193 194.7998817201279 198.48258372346652 0.38000000000000972 201.6115857208022 0.16499999999999207 0.22500000000000855 197.17957476727727 208.27883471063149 0.049999999999997165 208.00074442552994 208.30004270385669 -1.0000000180025095e-35 207.78770902457691 208.46953803200128 0.14499999999999605 208.52584786471132 207.41993866138631
decision_type=2 2 2 2 2 2 2 2 2 2 2 2 2 2 2 2 2 2 2 2 2 2 2 2
left_child=1 2 -1 4 8 6 -5 -7 -2 10 11 13 15 -9 23 16 18 -18 -12 21 -21 -17 -19 -6
right_child=3 -3 -4 5 14 7 -8 9 -10 -11 12 -13 -14 -15 -16 19 17 22 -20 20 -22 -23 -24 -25
leaf_value=-0.0003455448008718945 -0.0031169069323526777 -0.0028940168147285781 0.011551488605751233 0.011718639882747085 0.0023410687479190526 -0.0079341447827490901 -0.0012512550092651509 0.0055501629386774526 -0.010773343617911451 -0.0034560172336882558 -0.0055586048712333051 0.010714270628016928 -0.0068174875443801283 -0.0032481561042368417 -0.0026924826565664262 0.0049469036060724066 0.0039138131231690448 -0.0027382160577437155 -0.000451727309163012 -0.0017134262878378784 0.0023357540800201674 0.00071232563816010959 0.00048696740829784957 0.0011472063299845018
leaf_weight=21 23 30 22 20 20 22 32 22 20 29 21 23 25 20 20 22 24 23 23 27 27 20 28 21
leaf_count=21 23 30 22 20 20 22 32 22 20 29 21 23 25 20 20 22 24 23 23 27 27 20 28 21
internal_value=3.91832e-11 0.00219255 0.00574131 -0.000312609 -0.00259704 0.000269698 0.00373717 -0.000236786 -0.00667804 0.000270226 0.000624524 0.00467029 -0.000471203 0.00136049 0.000279722 0.000266737 -0.000693553 0.000594502 -0.0028891 0.0014571 0.000311164 0.00293044 -0.000967527 0.00172958
internal_weight=585 73 43 512 104 408 52 356 43 334 305 65 240 42 61 215 119 75 44 96 54 42 51 41
internal_count=585 73 43 512 104 408 52 356 43 334 305 65 240 42 61 215 119 75 44 96 54 42 51 41
is_linear=0
shrinkage=0.1


Tree=76
num_leaves=22
num_cat=0
split_feature=1 0 0 0 0 1 0 0 0 1 0 0 0 0 1 1 0 1 0 0 0
split_gain=0.0324781 0.106736 0.123179 0.0605635 0.0595397 0.046074 0.136472 0.0367558 0.0737318 0.0297537 0.0867071 0.0945919 0.0301196 0.0160383 0.0259209 0.043772 0.0280532 0.0272871 0.0264781 0.0113684 0.0176729
threshold=-0.2999999999999971 202.41911172668947 197.10927215269015 195.85410442947776 194.41165866914923 0.26000000000000517 201.6115857208022 197.00259053811584 199.21935430206608 0.14499999999999605 201.80698007729026 205.93808991928987 207.53054366993638 208.65960065218886 -0.010000000000005114 -0.040000000000006246 207.78770902457691 -0.16500000000000623 208.00074442552994 208.48814170570833 208.26089760541132
decision_type=2 2 2 2 2 2 2 2 2 2 2 2 2 2 2 2 2 2 2 2 2
left_child=1 2 -1 4 -2 7 -7 -5 -9 10 -10 -12 -11 14 15 17 -16 -13 -19 20 -18
right_child=3 -3 -4 5 -6 6 -8 8 9 12 11 13 -14 -15 16 -17 19 18 -20 -21 -22
leaf_value=-0.00031099033187187859 -0.00045452809094318326 -0.0026046151916186019 0.010396338998213073 0.0034309835683088751 -0.0073211889875971761 0.0088880136058750482 -0.0013433379324851559 -0.0051215348910773175 0.0054525349353407998 -0.0050358800541447559 -0.0069189552337047648 -0.0026891935705046716 8.1831228959819552e-05 0.0029413429647684101 0.0036780521921658269 -0.0050825784363868563 0.00089764572022592326 0.003324362436043365 -0.00072833796301366471 0.0018454219514279866 -0.0025292235323124464
leaf_weight=21 28 30 22 25 23 22 32 32 29 23 20 29 23 20 30 22 34 28 38 27 27
leaf_count=21 28 30 22 25 23 22 32 32 29 23 20 29 23 20 30 22 34 28 38 27 27
internal_value=3.24271e-11 0.00197329 0.00516718 -0.000281348 -0.00355126 8.0399e-05 0.00282499 -0.000283748 -0.000526859 -0.000106774 0.000251882 -0.000296551 -0.00247702 0.000222854 -8.50705e-06 -0.00106323 0.00103728 -0.000132435 0.000990989 0.000137015 -0.000619165
internal_weight=585 73 43 512 51 461 54 407 382 350 304 275 46 255 235 117 118 95 66 88 61
internal_count=585 73 43 512 51 461 54 407 382 350 304 275 46 255 235 117 118 95 66 88 61
is_linear=0
shrinkage=0.1


Tree=77
num_leaves=22
num_cat=0
split_feature=1 0 1 0 0 0 0 1 1 1 1 1 0 1 0 1 0 0 1 0 0
split_gain=0.0306437 0.0660517 0.0572939 0.0524608 0.0499461 0.134192 0.0723833 0.141777 0.234513 0.0740069 0.0504259 0.0253394 0.0189935 0.0143189 0.017987 0.0138275 0.0113422 0.0126179 0.0278091 0.0263393 0.00882447
threshold=0.28499999999999664 194.41165866914923 0.21500000000000344 201.80698007729026 201.59911937592662 204.12121356540561 201.06929793433235 -0.14000000000000054 -0.025000000000005681 -0.34499999999999881 -0.3350000000000079 -0.025000000000005681 208.16616359089667 0.01500000000000057 208.52584786471132 0.084999999999993761 206.21377377418193 208.28386396799434 -0.14999999999999145 208.49882690199902 207.83065761649408
decision_type=2 2 2 2 2 2 2 2 2 2 2 2 2 2 2 2 2 2 2 2 2
left_child=1 -1 4 -2 6 -6 7 9 -9 -3 -7 16 15 -14 -15 20 -12 18 -18 -19 -13
right_child=3 2 -4 -5 5 10 -8 8 -10 -11 11 12 13 14 -16 -17 17 19 -20 -21 -22
leaf_value=0.0048834573894996069 -0.0047266646343119001 -0.00055098396471955555 0.0045430273695204124 0.0012404841585801198 0.0078927958045493483 -0.004799921895292672 -0.0069377495674416423 -0.011883911840698641 0.0012700583672884741 0.0077484690783811471 0.0033873705216683446 -0.0018568902850771944 -0.0015142435407532115 0.0027475154861081943 -0.00070966866085116101 -0.0034619754708061622 0.0018477766302912016 0.0041162405637334342 -0.0026561274820079027 -0.00015597832689602531 0.00081586432421491264
leaf_weight=29 34 22 26 26 22 22 24 23 33 21 20 30 28 34 27 30 29 27 26 31 21
leaf_count=29 34 22 26 26 22 22 24 23 33 21 20 30 28 34 27 30 29 27 26 31 21
internal_value=-3.93275e-11 0.000244674 -2.65449e-05 -0.0021409 -0.00027933 0.000334417 -0.0020108 -0.000816382 -0.00413247 0.00350224 -0.000177227 0.000158415 -0.000650454 0.000357929 0.00121729 -0.00175843 0.00119231 0.0008038 -0.000281342 0.00183281 -0.000756344
internal_weight=585 525 496 60 470 347 123 99 56 43 325 303 170 89 61 81 133 113 55 58 51
internal_count=585 525 496 60 470 347 123 99 56 43 325 303 170 89 61 81 133 113 55 58 51
is_linear=0
shrinkage=0.1


Tree=78
num_leaves=23
num_cat=0
split_feature=0 0 1 1 0 1 1 1 1 0 0 0 0 1 1 0 1 1 0 0 0 1
split_gain=0.0290488 0.0509977 0.0333897 0.135273 0.0537864 0.184653 0.0897591 0.088939 0.0713144 0.0811213 0.0176113 0.0182789 0.015276 0.0114419 0.0309236 0.0300059 0.0257892 0.0242562 0.0135693 0.0133926 0.0428593 0.00530018
threshold=194.12528039589668 194.89813595402049 0.26000000000000517 0.34499999999998471 201.59911937592662 -0.35000000000000847 0.084999999999993761 -0.35500000000000392 -0.17000000000000168 197.20301658127445 204.62257565933058 205.99601539021734 206.97966435834908 1.0000000180025095e-35 0.049999999999997165 208.52584786471132 -0.010000000000005114 -0.040000000000006246 208.18345510640191 207.78770902457691 208.3072570887426 -0.10999999999999942
decision_type=2 2 2 2 2 2 2 2 2 2 2 2 2 2 2 2 2 2 2 2 2 2
left_child=-1 -2 4 -4 5 -3 8 -6 -7 -10 -9 -12 -13 16 -15 18 17 19 -16 -14 -21 -22
right_child=1 2 3 -5 7 6 -8 10 9 -11 11 12 13 14 15 -17 -18 -19 -20 20 21 -23
leaf_value=-0.0032034726727201987 0.004664454205582539 -0.010438672156835145 0.0086280006205751783 -0.0014206837642484823 0.0064463436688211835 -0.0029669173217068117 -0.0055777227612755576 -0.0027270668496688208 8.3715829101425638e-05 0.0083707009087361037 0.0028630526482381607 -0.0022245968158747399 -0.0012158909803256393 -0.0029044676556413134 0.00035207614965849756 -0.0026290209630546583 0.0035161191735554628 -0.0030831908783875411 0.0034067259814876782 0.0049945193049295445 0.0006695878420335551 -0.0015346124581992627
leaf_weight=27 24 22 21 37 22 24 24 24 27 21 22 31 25 39 33 22 27 20 26 23 24 20
leaf_count=27 24 22 21 37 22 24 24 24 27 21 22 31 25 39 33 22 27 20 26 23 24 20
internal_value=-3.38251e-11 0.000155007 -4.76651e-05 0.00221763 -0.000323689 -0.00217523 -0.000281524 0.000286596 0.00148388 0.00370927 -0.000116721 8.40746e-05 -0.000126744 0.00012435 -0.000590994 0.0005229 0.000741913 7.31313e-05 0.00169819 0.000759288 0.0014963 -0.000332321
internal_weight=585 558 534 58 476 118 96 358 72 48 336 312 290 259 120 81 139 112 59 92 67 44
internal_count=585 558 534 58 476 118 96 358 72 48 336 312 290 259 120 81 139 112 59 92 67 44
is_linear=0
shrinkage=0.1


Tree=79
num_leaves=25
num_cat=0
split_feature=1 0 0 1 0 1 0 0 0 1 0 1 1 0 0 0 1 0 0 0 1 0 0 0
split_gain=0.0329458 0.102706 0.107246 0.066142 0.101618 0.0628837 0.19009 0.107844 0.0496265 0.0359642 0.113344 0.10662 0.104626 0.073252 0.0217256 0.0364207 0.0305895 0.0743936 0.0334166 0.0295985 0.0372064 0.0213173 0.013619 0.00172139
threshold=-0.2999999999999971 202.41911172668947 197.10927215269015 -0.12499999999999999 203.55888238073373 -0.064999999999997712 206.21377377418193 194.7998817201279 198.48258372346652 0.38000000000000972 201.6115857208022 0.22500000000000855 0.16499999999999207 197.17957476727727 208.60019281397311 208.5327853553909 0.10999999999999945 206.17075764789089 207.78770902457691 208.16616359089667 0.025000000000005688 208.27883471063149 207.54592492091749 207.41993866138631
decision_type=2 2 2 2 2 2 2 2 2 2 2 2 2 2 2 2 2 2 2 2 2 2 2 2
left_child=1 2 -1 4 8 6 -5 -7 -2 10 12 14 13 -9 15 16 17 -12 -19 -20 -21 23 -18 -6
right_child=3 -3 -4 5 21 7 -8 9 -10 -11 11 -13 -14 -15 -16 -17 22 18 19 20 -22 -23 -24 -25
leaf_value=8.8551702598730734e-06 -0.0030897206697693986 -0.0025032096294065318 0.0099997294029559609 0.011186639890074731 0.0020594670448917897 -0.0069656464355913085 -0.0012410708019160667 0.0052998381074179307 -0.0099007374080247249 -0.0031025233646405155 -0.0057722190971530619 -0.0066016230825334784 0.0097084533402939221 -0.0030621215619612489 0.0032025384524351228 -0.0040887547144666317 0.0046876688487827783 0.003635977487208258 -0.0030250862033830749 0.0032227176794549454 -0.0020502022786430367 -0.0025866996846161784 0.00099727107211947433 0.00076316439191855142
leaf_weight=21 23 30 22 20 20 22 32 22 20 29 21 25 23 20 23 20 20 29 27 32 23 20 20 21
leaf_count=21 23 30 22 20 20 22 32 22 20 29 21 25 23 20 23 20 20 29 27 32 23 20 20 21
internal_value=4.72626e-12 0.00198745 0.00512047 -0.000283367 -0.00253458 0.000290473 0.00353882 -0.000184005 -0.00625764 0.00026269 0.000582661 -0.00042057 0.0042869 0.00131795 0.000298157 -4.97634e-05 0.000419887 -0.000314229 0.000718363 -0.000313476 0.00101768 8.98656e-05 0.00284247 0.00139551
internal_weight=585 73 43 512 104 408 52 356 43 334 305 240 65 42 215 192 172 132 111 82 55 61 40 41
internal_count=585 73 43 512 104 408 52 356 43 334 305 240 65 42 215 192 172 132 111 82 55 61 40 41
is_linear=0
shrinkage=0.1


Tree=80
num_leaves=24
num_cat=0
split_feature=1 0 0 1 0 1 0 0 0 1 0 0 0 1 0 1 0 0 1 1 0 0 0
split_gain=0.0266861 0.0831918 0.0868692 0.053575 0.0823106 0.0509358 0.153973 0.0873536 0.0401974 0.029131 0.0918089 0.109022 0.0976128 0.086362 0.0177246 0.0323034 0.017267 0.0155552 0.025799 0.0343213 0.0248337 0.0199342 0.00139432
threshold=-0.2999999999999971 202.41911172668947 197.10927215269015 -0.12499999999999999 203.55888238073373 -0.064999999999997712 206.21377377418193 194.7998817201279 198.48258372346652 0.38000000000000972 201.6115857208022 198.92269653010081 197.00259053811584 0.22500000000000855 208.5913024218967 -0.010000000000005114 208.27883471063149 208.26089760541132 0.010000000000005118 0.074999999999988645 208.48814170570833 207.45785760578943 207.41993866138631
decision_type=2 2 2 2 2 2 2 2 2 2 2 2 2 2 2 2 2 2 2 2 2 2 2
left_child=1 2 -1 4 8 6 -5 -7 -2 10 11 12 -9 14 15 -12 22 18 -17 -20 -19 -21 -6
right_child=3 -3 -4 5 16 7 -8 9 -10 -11 13 -13 -14 -15 -16 17 -18 20 19 21 -22 -23 -24
leaf_value=7.9695445795853935e-06 -0.0027807488814806164 -0.0022528886857132117 0.0089997567765584038 0.010067976063583048 0.0018535204621730372 -0.0062690818343650217 -0.0011169636345584877 0.0053717587669582477 -0.0089106638869270692 -0.0027922712748163735 -0.0027125155012047777 0.0095838294512676919 -0.004180555548518896 -0.0059414606555365027 0.0027714290215517397 0.0044551897705310869 -0.0023280297219753269 -0.0027793346133468482 -0.0019900631290511229 0.0044387068176134073 0.0013958913224217083 0.00013133512721175239 0.00068684792412178862
leaf_weight=21 23 30 22 20 20 22 32 23 20 29 37 22 20 25 25 21 20 29 32 22 28 21 21
leaf_count=21 23 30 22 20 20 22 32 23 20 29 37 22 20 25 25 21 20 29 32 22 28 21 21
internal_value=2.72506e-11 0.0017887 0.00460842 -0.00025503 -0.00228112 0.000261425 0.00318494 -0.000165604 -0.00563187 0.000236421 0.000524395 0.00385821 0.000928822 -0.000378513 0.000268342 -6.10119e-05 8.0879e-05 0.000580201 0.00135715 0.000489701 -0.000728346 0.00233511 0.00125596
internal_weight=585 73 43 512 104 408 52 356 43 334 305 65 43 240 215 190 61 153 96 75 57 43 41
internal_count=585 73 43 512 104 408 52 356 43 334 305 65 43 240 215 190 61 153 96 75 57 43 41
is_linear=0
shrinkage=0.1


Tree=81
num_leaves=24
num_cat=0
split_feature=0 0 1 0 1 0 0 1 1 0 1 1 0 1 1 1 1 0 0 0 0 0 0
split_gain=0.0247132 0.0264796 0.166975 0.0618398 0.0504395 0.119865 0.0447267 0.176375 0.165835 0.0879427 0.0447132 0.0393127 0.0173529 0.0335582 0.0372216 0.0393718 0.0249749 0.0177394 0.0376462 0.0114614 0.0102139 0.00649904 0.00385124
threshold=208.73160335209448 194.78078768875969 -0.019999999999996017 195.92688364319253 0.26000000000000517 204.53039533960089 201.59911937592662 -0.35000000000000847 0.084999999999993761 202.41911172668947 -0.14000000000000054 -0.3350000000000079 208.52584786471132 0.10999999999999945 -0.025000000000005681 -0.070000000000007376 1.0000000180025095e-35 208.27883471063149 207.53054366993638 208.00074442552994 207.78770902457691 207.53054366993638 206.46784911088568
decision_type=2 2 2 2 2 2 2 2 2 2 2 2 2 2 2 2 2 2 2 2 2 2 2
left_child=1 2 -1 -3 6 -6 7 -5 10 -8 -9 -11 13 14 15 20 -14 18 -16 -20 22 -15 -13
right_child=-2 3 -4 4 5 -7 9 8 -10 11 -12 12 16 21 17 -17 -18 -19 19 -21 -22 -23 -24
leaf_value=0.0076499165371060373 0.0033683418651067076 -0.0056428153333919389 -0.0046088705398142343 -0.010690783325117081 0.0069072103903939329 -0.0030871660448610785 0.006554154388140887 0.0049779551289975653 -0.008267338271252811 -0.0042638259939849375 -0.00021714102036344844 5.1213517217547632e-05 0.00039032750625025346 0.0017476564133539797 -0.0038930752278247384 0.0045301797226644479 -0.0040939378218077449 -0.0036237859054757608 -0.00058588178261466644 0.0025710859032266817 0.0012490274659238566 0.0042969771288335328 -0.001827697057160549
leaf_weight=25 21 21 20 20 30 20 20 30 20 23 37 20 27 20 24 26 23 29 23 23 39 20 24
leaf_count=25 21 21 20 20 30 20 20 30 20 23 37 20 27 20 24 26 23 29 23 23 39 20 24
internal_value=-4.9071e-11 -0.000125417 0.00220157 -0.000327179 -0.000103025 0.00290946 -0.00043924 -0.00222297 -0.000276349 0.000120465 0.00210902 -0.000280388 2.70581e-05 0.000369698 -0.000140421 0.00113446 -0.00167243 -0.00154408 -0.000682487 0.000992602 7.07423e-05 0.00302232 -0.000973647
internal_weight=585 564 45 519 498 50 448 107 87 341 67 321 298 248 208 109 50 99 70 46 83 40 44
internal_count=585 564 45 519 498 50 448 107 87 341 67 321 298 248 208 109 50 99 70 46 83 40 44
is_linear=0
shrinkage=0.1


Tree=82
num_leaves=23
num_cat=0
split_feature=1 1 1 0 0 1 0 0 1 0 0 0 0 0 0 1 0 0 1 0 0 0
split_gain=0.0290548 0.066702 0.0520178 0.0798997 0.0385264 0.0574382 0.18379 0.0684027 0.0971237 0.0705199 0.104794 0.0373212 0.0327406 0.0297736 0.0381249 0.0327805 0.0233975 0.0255366 0.0193192 0.0154917 0.0151809 0.00119406
threshold=-0.2999999999999971 -0.38499999999999085 -0.12499999999999999 203.55888238073373 194.78078768875969 -0.040000000000006246 207.63370737756614 204.3921222307894 0.38000000000000972 198.92269653010081 197.00259053811584 208.34171212041636 198.48258372346652 207.78770902457691 206.17075764789089 0.12500000000000003 208.61879440828037 208.53460367561681 0.06499999999999774 208.47805913755624 208.27883471063149 207.41993866138631
decision_type=2 2 2 2 2 2 2 2 2 2 2 2 2 2 2 2 2 2 2 2 2 2
left_child=1 -1 3 12 -4 6 -6 8 9 10 -7 13 -2 14 -9 -16 17 19 -15 -13 21 -5
right_child=2 -3 4 20 5 7 -8 11 -10 -11 -12 16 -14 18 15 -17 -18 -19 -20 -21 -22 -23
leaf_value=-0.0011152631527668721 -0.0029907294376955735 0.0049308835839231811 0.004129737732000649 0.0017194142878361165 -0.0081241588995908387 0.0062959242931000239 0.002434737190111157 -0.0031878243415401535 -0.003437990153906867 0.0077868165236021237 -0.0036015158332884309 0.0026070432939931105 -0.0085229413071647286 -0.0018053014726133255 0.0039579619729640681 -0.0013540662736410188 -0.0014055077750235797 0.0051622297774883922 -0.0055673799333384351 -0.0011983999190852048 -0.0021940942667424681 0.00063977103369931387
leaf_weight=37 23 36 24 20 32 23 34 26 20 34 20 23 20 39 26 21 25 20 21 20 20 21
leaf_count=37 23 36 24 20 32 23 34 26 20 34 20 23 20 39 26 21 25 20 21 20 20 21
internal_value=-5.93892e-12 0.0018664 -0.000266108 -0.00226254 0.000242787 -1.47839e-07 -0.00268473 0.000557029 0.0027708 0.00438348 0.00169246 -0.000414627 -0.00556385 -0.00147168 -0.00011523 0.0015845 0.00118296 0.00221014 -0.00312203 0.00083707 6.46163e-05 0.00116643
internal_weight=585 73 512 104 408 384 66 318 97 77 43 221 43 133 73 47 88 63 60 43 61 41
internal_count=585 73 512 104 408 384 66 318 97 77 43 221 43 133 73 47 88 63 60 43 61 41
is_linear=0
shrinkage=0.1


Tree=83
num_leaves=22
num_cat=0
split_feature=1 0 0 1 1 1 0 1 0 0 1 0 0 0 0 1 1 1 1 0 0
split_gain=0.0252882 0.0367061 0.0422671 0.0492187 0.0742763 0.0561393 0.18958 0.19957 0.0554062 0.0807769 0.117617 0.0302301 0.0241166 0.0352049 0.018952 0.0242549 0.0169616 0.0163192 0.0156485 0.0150421 0.00525317
threshold=-0.4249999999999971 193.98444641620117 194.78078768875969 -0.35000000000000847 -0.26000000000000506 -0.040000000000006246 204.3921222307894 -0.13500000000000509 204.3921222307894 201.32901389860635 0.12500000000000003 208.34171212041636 207.78770902457691 207.5135237461628 208.61879440828037 0.01500000000000057 0.094999999999998877 -0.10000000000000851 0.06499999999999774 207.78770902457691 208.50669783405354
decision_type=2 2 2 2 2 2 2 2 2 2 2 2 2 2 2 2 2 2 2 2 2
left_child=-1 -2 -3 -4 -5 6 7 -6 9 10 -7 12 13 16 15 -13 -10 19 -14 -8 -17
right_child=1 2 3 4 5 8 17 -9 11 -11 -12 14 18 -15 -16 20 -18 -19 -20 -21 -22
leaf_value=0.0032500168308615685 -0.0043401347839972003 0.0042171350153891937 -0.0045862710646664105 0.0050534367228725133 -0.0012132220649315665 0.0053628484625369314 -0.0020770832543231307 -0.014738735747523608 0.00051375298498896888 0.0070237768649738953 -0.0029656432915287907 -0.00068949352611194959 -0.0016247714266706356 0.0034711864404380326 -0.0012649566195905208 0.002321780295599075 -0.0030801529996097089 0.0021840704126387007 -0.0050106420226040341 0.0008912070959156967 0.0045863100542919717
leaf_weight=23 20 23 24 28 24 30 31 20 24 28 39 22 39 20 25 21 29 36 21 38 20
leaf_count=23 20 23 24 28 24 30 31 20 24 28 39 22 39 20 25 21 29 36 21 38 20
internal_value=4.42378e-11 -0.000133008 2.22368e-05 -0.000163664 5.07651e-05 -0.000249181 -0.00185093 -0.00736118 0.000501326 0.00249372 0.00065544 -0.000373165 -0.00132451 -0.000103707 0.00106467 0.00198912 -0.00145272 0.000458122 -0.00280983 -0.000442373 0.00342643
internal_weight=585 562 542 519 495 467 149 44 318 97 69 221 133 73 88 63 53 105 60 69 41
internal_count=585 562 542 519 495 467 149 44 318 97 69 221 133 73 88 63 53 105 60 69 41
is_linear=0
shrinkage=0.1


Tree=84
num_leaves=23
num_cat=0
split_feature=0 1 0 0 0 1 0 1 0 0 0 1 1 0 0 0 0 0 0 0 0 1
split_gain=0.0235129 0.0254152 0.100252 0.0256646 0.0815466 0.0468597 0.0994545 0.0169207 0.0297278 0.134329 0.0661983 0.0294541 0.0162375 0.0271181 0.0143099 0.00832874 0.0306845 0.0274267 0.0204771 0.0155404 0.00875544 0.00637519
threshold=208.73160335209448 -0.35500000000000392 201.69805069181615 195.7333923122564 194.41165866914923 0.26000000000000517 201.6115857208022 0.14499999999999605 201.40240379651138 202.41911172668947 198.52400124764696 -0.10999999999999942 -0.22499999999999429 208.5693729522271 207.44598520604424 208.10620028390164 208.25305407766822 207.63370737756614 207.38843084751252 206.17075764789089 208.37270161559914 -0.040000000000006246
decision_type=2 2 2 2 2 2 2 2 2 2 2 2 2 2 2 2 2 2 2 2 2 2
left_child=1 2 -1 4 -3 7 -7 8 10 -10 11 -5 -11 15 -9 17 -17 18 19 -14 -18 -22
right_child=-2 3 -4 5 -6 6 -8 14 9 12 -12 -13 13 -15 -16 16 20 -19 -20 -21 21 -23
leaf_value=-0.0017804504894041295 0.0032855292638054208 0.00087934417072041285 0.0072919809658612529 0.0027378450334072115 -0.0074208274669945243 0.0078212418000806454 -0.0011635263949366552 -0.0038677327781915663 -0.0083818572307271626 -0.0025568201081720573 0.006166980256834491 -0.0020728239496903759 -0.00026173624606930056 -0.0031785159329460427 -0.00048425276577472695 -0.0032768482240498999 0.0021464480358796816 0.0035298257963872997 -0.0024149725294631465 0.0031243967926180317 -0.0013472358740511396 0.00086880985592656271
leaf_weight=29 21 29 21 20 20 22 28 25 21 24 22 35 33 22 25 24 30 33 23 23 21 34
leaf_count=29 21 29 21 20 20 22 28 25 21 24 22 35 33 22 25 24 30 33 23 23 21 34
internal_value=-6.91029e-12 -0.000122334 0.00202997 -0.000331702 -0.00250848 -0.000102321 0.00278977 -0.000450765 -0.000214433 -0.000681075 0.00153093 -0.00032349 -7.53957e-05 0.000169683 -0.00217599 0.000502988 -0.000119297 0.0011086 9.72084e-05 0.001129 0.000772247 2.26833e-05
internal_weight=585 564 50 514 49 465 50 415 365 288 77 55 267 243 50 221 109 112 79 56 85 55
internal_count=585 564 50 514 49 465 50 415 365 288 77 55 267 243 50 221 109 112 79 56 85 55
is_linear=0
shrinkage=0.1


Tree=85
num_leaves=22
num_cat=0
split_feature=1 1 0 0 0 0 0 0 1 1 1 1 0 0 0 1 0 0 0 0 1
split_gain=0.0204344 0.113098 0.0882498 0.129746 0.115252 0.0289727 0.194019 0.069419 0.0500906 0.119175 0.071738 0.0258117 0.0313858 0.0138262 0.0265287 0.01626 0.0113444 0.0389349 0.0277774 0.0183693 0.00432646
threshold=-0.20499999999998406 -0.17000000000000168 196.67037997205881 201.6279041684754 206.25826842490335 201.6115857208022 200.33853492967094 205.89318847668474 -0.064999999999997712 0.054999999999992617 0.26000000000000517 0.22500000000000855 206.21377377418193 208.62783141795038 208.53460367561681 0.14499999999999605 208.10620028390164 208.25305407766822 207.63370737756614 208.37270161559914 0.010000000000005118
decision_type=2 2 2 2 2 2 2 2 2 2 2 2 2 2 2 2 2 2 2 2 2
left_child=2 -2 -1 -4 -5 6 8 -7 -3 -10 -11 12 -9 14 15 16 18 -18 20 -19 -14
right_child=1 5 3 4 -6 7 -8 11 9 10 -12 -13 13 -15 -16 -17 17 19 -20 -21 -22
leaf_value=0.007236666509415954 -0.0068310188613831995 0.0032665603697813791 -0.0049798908437985708 0.0087081462433118203 -0.00066260145977139475 -0.0047856213165108456 0.010137763857658555 0.0038093030559442319 -0.0076942447593192692 0.0043626826653931422 -0.0024546496852329287 -0.0029402196944619602 -0.0016995744733139873 -0.0024364417485360588 0.0031207061638789521 -0.0027344472452320839 -0.0042410929801090713 0.0026228794810810576 0.0032932519214227797 -0.00075288421590812514 0.00038043949170969428
leaf_weight=20 25 29 34 21 35 33 21 24 23 29 33 26 20 21 28 22 22 27 32 40 20
leaf_count=20 25 29 34 21 35 33 21 24 23 29 33 26 20 21 28 22 22 27 32 40 20
internal_value=3.05914e-11 -0.000284415 0.00122816 -0.00010707 0.00285143 7.92854e-05 0.00130496 -0.000446005 -0.000322132 -0.00154651 0.000734103 6.18224e-05 0.000366717 1.05877e-05 0.000254131 -0.000184471 0.000163973 -0.00059103 0.00109724 0.000607498 -0.000659567
internal_weight=585 475 110 90 56 450 135 315 114 85 62 282 256 232 211 183 161 89 72 67 40
internal_count=585 475 110 90 56 450 135 315 114 85 62 282 256 232 211 183 161 89 72 67 40
is_linear=0
shrinkage=0.1


Tree=86
num_leaves=24
num_cat=0
split_feature=0 0 0 1 1 0 1 1 0 0 1 1 0 0 1 0 1 1 1 0 0 0 0
split_gain=0.0226222 0.0181743 0.0515323 0.0376046 0.139494 0.038444 0.137166 0.0953032 0.077687 0.0615791 0.0543211 0.0532134 0.0223312 0.0150047 0.0262215 0.0137166 0.010971 0.033719 0.0258698 0.0175494 0.0319108 0.0152666 0.00963278
threshold=208.73160335209448 194.12528039589668 194.89813595402049 0.26000000000000517 0.38000000000000972 201.59911937592662 -0.35000000000000847 0.084999999999993761 202.41911172668947 197.10927215269015 -0.13500000000000509 -0.31499999999999767 205.9600083013693 208.52584786471132 1.0000000180025095e-35 208.46527511642168 -0.070000000000007376 -0.12499999999999999 0.054999999999992617 207.83065761649408 208.15848679830492 207.53054366993638 207.68131630460059
decision_type=2 2 2 2 2 2 2 2 2 2 2 2 2 2 2 2 2 2 2 2 2 2 2
left_child=1 -1 -3 5 -5 6 -4 9 -7 -8 -11 -10 -13 15 -15 16 17 22 19 -18 -21 -20 -14
right_child=-2 2 3 4 -6 8 7 -9 11 10 -12 12 13 14 -16 -17 18 -19 21 20 -22 -23 -24
leaf_value=-0.0026515929718260414 0.0032226964166121824 0.0045363296599437797 -0.0091761061149141336 0.0071892231569758479 -0.0029828442410619643 0.0060870266426354645 -0.0020630773323743294 -0.0058791882145063333 -0.004673584307042452 0.0072978383353488017 9.7010796889662745e-05 0.0032718244334682825 0.0018727824441157283 0.00035761713257266418 -0.0042371976675222751 0.0024187205281729503 0.0038073795139789584 -0.0044759961310774088 -0.0030953884241171183 -0.0021747299834437993 0.0028941027940837323 0.00016065449324539967 -0.0010541111013204184
leaf_weight=27 21 24 22 28 26 20 30 24 26 22 20 20 22 27 23 24 25 21 24 23 27 36 23
leaf_count=27 21 24 22 28 26 20 30 24 26 22 20 20 22 27 23 24 25 21 24 23 27 36 23
internal_value=6.01977e-12 -0.000119994 7.29309e-06 -0.000204592 0.00229156 -0.000498257 -0.00205402 -0.000421877 4.01017e-05 0.00139723 0.00386887 -0.000336654 4.55842e-05 -0.000189051 -0.001756 0.000159159 -0.00011064 -0.00116726 0.000405931 0.00164409 0.00056244 -0.00114176 0.000376815
internal_weight=585 564 537 513 54 459 118 96 341 72 42 321 295 275 50 225 201 66 135 75 50 60 45
internal_count=585 564 537 513 54 459 118 96 341 72 42 321 295 275 50 225 201 66 135 75 50 60 45
is_linear=0
shrinkage=0.1


Tree=87
num_leaves=22
num_cat=0
split_feature=1 0 1 0 1 0 1 0 0 0 0 0 1 0 0 0 0 1 1 1 0
split_gain=0.0244383 0.0697419 0.0303555 0.118933 0.102976 0.0933512 0.0582071 0.154719 0.0584922 0.0248394 0.0477367 0.0261658 0.0230419 0.0134184 0.0372028 0.0120589 0.0309491 0.0176841 0.0104851 0.00980559 0.00484836
threshold=-0.35500000000000392 201.69805069181615 -0.12499999999999999 197.05049731287372 -0.26000000000000506 204.3921222307894 -0.064999999999997712 206.21377377418193 194.7998817201279 198.59827739408234 201.77489889689772 205.99601539021734 0.20000000000000287 208.60019281397311 208.5327853553909 208.16616359089667 207.78770902457691 0.05999999999998807 0.025000000000005688 0.10999999999999945 207.68131630460059
decision_type=2 2 2 2 2 2 2 2 2 2 2 2 2 2 2 2 2 2 2 2 2
left_child=1 -1 3 -2 -5 -6 7 -4 -8 19 -11 -12 13 14 15 16 17 -13 -17 -10 -7
right_child=2 -3 6 4 5 20 8 -9 9 10 11 12 -14 -15 -16 18 -18 -19 -20 -21 -22
leaf_value=-0.0010639186906387453 -0.0078873079231319334 0.0065030703010658429 0.010247583403252067 0.005234346024830033 -0.0078196494327858104 0.0012538773343017649 -0.0052282586355100981 -0.00096442068461328751 0.00036642619874328376 -0.0037315090080457074 0.0028824533801525831 0.0033050355903634972 -0.0027532631841798625 0.0024946546627451546 -0.0041244373889639972 0.0027749871136620642 -0.0028738426417112351 -0.00058236086368560792 0.00023453125984153962 0.003189021068828879 -0.00063746667354170131
leaf_weight=29 24 21 20 27 20 23 22 32 20 35 32 22 30 23 20 32 30 25 33 32 33
leaf_count=29 24 21 20 27 20 23 22 32 20 35 32 22 30 23 20 32 30 25 33 32 33
internal_value=-1.45768e-12 0.00211422 -0.00019759 -0.0015477 -7.05133e-05 -0.00195513 0.000222665 0.00334789 -0.000233828 9.51464e-05 -0.000275171 0.000214593 -0.000182484 0.0002344 -8.65009e-05 0.000482223 -0.000364461 0.00123727 0.00148522 0.00210341 0.000139335
internal_weight=585 50 535 127 103 76 408 52 356 334 282 247 215 185 162 142 77 47 65 52 56
internal_count=585 50 535 127 103 76 408 52 356 334 282 247 215 185 162 142 77 47 65 52 56
is_linear=0
shrinkage=0.1


Tree=88
num_leaves=23
num_cat=0
split_feature=0 1 0 1 0 0 0 0 1 1 1 0 1 0 1 1 0 1 1 0 0 0
split_gain=0.0210067 0.126372 0.0410085 0.0385987 0.0694953 0.0233284 0.139236 0.0628382 0.0594907 0.0593769 0.116856 0.0129689 0.0103146 0.00796587 0.0150732 0.0379552 0.0214346 0.0260656 0.0219965 0.0135398 0.0447583 0.0118475
threshold=194.78078768875969 -0.019999999999996017 195.92688364319253 0.26000000000000517 201.6115857208022 201.59911937592662 201.06929793433235 202.41911172668947 -0.31499999999999767 -0.13500000000000509 0.049999999999997165 205.9600083013693 0.14499999999999605 208.65960065218886 -0.010000000000005114 -0.040000000000006246 208.10620028390164 0.01500000000000057 0.04000000000000626 208.37270161559914 207.78770902457691 208.4515246981808
decision_type=2 2 2 2 2 2 2 2 2 2 2 2 2 2 2 2 2 2 2 2 2 2
left_child=1 -1 -2 5 -5 6 9 -7 -9 -4 -11 -10 13 14 15 19 18 -18 -16 20 -13 -19
right_child=2 -3 3 4 -6 7 -8 8 11 10 -12 12 -14 -15 16 -17 17 21 -20 -21 -22 -23
leaf_value=0.006815670677460731 -0.0045052389747330121 -0.0038489739596843722 0.0033002347440311782 0.0068595359525219961 -0.00044156205931358274 0.005542105240747333 -0.0081202846337109814 -0.0048223750379223097 0.0026198430598014968 -0.0070203911477659383 0.0032972038433875979 -0.0013126704715362464 -0.0016228992598397393 0.0021234597300644966 0.0047055201564470068 -0.004606938703606526 -0.0025644113406025132 -0.00030598787901302184 0.00042039927467703818 -0.0016502122206973934 0.0039277135959959455 0.0030948038143105809
leaf_weight=25 21 20 38 22 32 20 25 26 20 23 21 39 35 20 23 21 29 21 25 31 28 20
leaf_count=25 21 20 38 22 32 20 25 26 20 23 21 39 35 20 23 21 29 21 25 31 28 20
internal_value=-2.27333e-11 0.00207583 -0.000172986 2.30774e-06 0.00253296 -0.000291574 -0.00158716 9.56531e-05 -0.000226622 0.000404649 -0.00209608 0.000156357 -1.23746e-05 0.000206958 4.52274e-05 -0.000748911 0.000846096 -0.000269966 0.00247369 7.78087e-05 0.000877341 0.00135293
internal_weight=585 45 540 519 54 465 107 358 338 82 44 312 292 257 237 119 118 70 48 98 67 41
internal_count=585 45 540 519 54 465 107 358 338 82 44 312 292 257 237 119 118 70 48 98 67 41
is_linear=0
shrinkage=0.1


Tree=89
num_leaves=23
num_cat=0
split_feature=1 0 1 0 1 0 1 0 1 1 0 0 1 1 0 0 0 1 1 0 0 0
split_gain=0.0207921 0.0665164 0.0279409 0.108737 0.0847382 0.0728533 0.0497144 0.0633691 0.0427373 0.0344383 0.0240755 0.0481187 0.0954928 0.0285071 0.128122 0.0147123 0.0187907 0.0165806 0.0146999 0.0272448 0.00456597 0.000432237
threshold=-0.35500000000000392 201.69805069181615 -0.12499999999999999 197.05049731287372 -0.26000000000000506 204.3921222307894 -0.079999999999998281 207.56003853280382 -0.040000000000006246 -0.025000000000005681 194.78078768875969 201.28421385230442 0.12500000000000003 0.26000000000000517 205.89318847668474 208.26089760541132 208.08932478921656 0.11500000000000911 0.049999999999997165 208.52584786471132 207.68131630460059 207.56003853280382
decision_type=2 2 2 2 2 2 2 2 2 2 2 2 2 2 2 2 2 2 2 2 2 2
left_child=1 -1 3 -2 -5 -6 7 -4 -8 -10 -11 12 -12 14 -13 16 17 21 -17 -20 -7 -16
right_child=2 -3 6 4 5 20 8 -9 9 10 11 13 -14 -15 15 18 -18 -19 19 -21 -22 -23
leaf_value=-0.0011536443076128591 -0.0075393272913061088 0.0062362918275452803 0.0075493259215727443 0.0047471184421468667 -0.0069555140100419528 0.0011571693385991715 -0.0037602281865353388 -0.00041114812891464682 0.0037496843263506892 -0.0034640767937526109 0.007067863471133428 -0.0084111499467066347 -0.00075368048384080873 0.0020278235880040385 -0.0015309701187779074 -0.0026700579188764098 0.0033472779051711165 0.001906711925511007 0.0025643755766478452 -0.0024123686598613858 -0.00067826847291805529 -0.00091096979819915507
leaf_weight=29 24 21 20 27 20 23 30 20 25 20 27 21 37 36 23 35 21 27 22 22 33 22
leaf_count=29 24 21 20 27 20 23 30 20 25 20 27 21 37 36 23 35 21 27 22 22 33 22
internal_value=-8.98239e-12 0.00195013 -0.000182255 -0.00147756 -6.51073e-05 -0.00177471 0.00022094 0.00356909 -0.000142989 0.000178067 -0.000107206 0.000121932 0.00254603 -0.000555546 -0.00103742 -0.000137136 0.000715273 -5.23948e-05 -0.00114061 7.60035e-05 7.55721e-05 -0.00122786
internal_weight=585 50 535 127 103 76 408 40 368 338 313 293 64 229 193 172 93 72 79 44 56 45
internal_count=585 50 535 127 103 76 408 40 368 338 313 293 64 229 193 172 93 72 79 44 56 45
is_linear=0
shrinkage=0.1


Tree=90
num_leaves=23
num_cat=0
split_feature=0 1 0 1 1 0 1 1 0 1 1 0 0 1 0 0 0 0 0 0 1 1
split_gain=0.0236885 0.101966 0.0327712 0.0290808 0.067798 0.0189134 0.104716 0.154271 0.0599302 0.0615739 0.0405126 0.0126348 0.0108311 0.00971924 0.0145752 0.00770894 0.00572092 0.0187626 0.0162449 0.0213733 0.0193509 0.0243214
threshold=194.78078768875969 -0.019999999999996017 195.92688364319253 0.26000000000000517 0.35499999999998982 201.59911937592662 -0.35000000000000847 0.084999999999993761 202.41911172668947 -0.31499999999999767 -0.14000000000000054 205.9600083013693 206.17075764789089 0.14499999999999605 207.41993866138631 208.65960065218886 207.83065761649408 208.10620028390164 208.25305407766822 208.37270161559914 0.01500000000000057 -0.070000000000007376
decision_type=2 2 2 2 2 2 2 2 2 2 2 2 2 2 2 2 2 2 2 2 2 2
left_child=1 -1 -2 5 -5 6 -4 10 -7 -10 -8 -11 -13 14 -14 16 -16 -18 -19 -20 21 -21
right_child=2 -3 3 4 -6 8 7 -9 9 11 -12 12 13 -15 15 -17 17 18 19 20 -22 -23
leaf_value=0.0064619717672467231 -0.0040564819106033876 -0.0031176693690940739 -0.007973325378261507 0.0064430129460313111 -0.0007683750001888257 0.0053855175711214551 0.0050828328231970477 -0.0076560581149533388 -0.0049236739770724229 0.0025730268564075234 0.00013777994352838851 -0.0022129223681986335 0.0025920768411686786 -0.0015529059680799645 -0.0012447544292816324 0.0019550661393441262 0.0026081898536246557 -0.0025710149229360886 0.0024287292733788492 0.0004580517534729249 0.0015259387670084835 -0.0039565009387353299
leaf_weight=25 21 20 20 22 32 20 30 20 26 20 37 21 26 30 36 20 26 26 31 24 26 26
leaf_count=25 21 20 20 22 32 20 30 20 26 20 37 21 26 30 36 20 26 26 31 24 26 26
internal_value=5.2851e-12 0.00220435 -0.000183696 -2.69938e-05 0.0021696 -0.000282082 -0.00144864 5.12837e-05 6.65831e-05 -0.000248147 0.00235198 0.000141481 -2.50637e-05 0.000144475 0.000355767 8.533e-05 -0.000106438 0.000151294 -0.000329001 0.000215787 -0.00068686 -0.00183752
internal_weight=585 45 540 519 54 465 107 87 358 338 67 312 292 271 241 215 195 159 133 107 76 50
internal_count=585 45 540 519 54 465 107 87 358 338 67 312 292 271 241 215 195 159 133 107 76 50
is_linear=0
shrinkage=0.1


Tree=91
num_leaves=23
num_cat=0
split_feature=1 0 1 0 0 0 0 1 0 0 0 0 1 1 0 0 0 1 0 0 0 1
split_gain=0.0236743 0.0558057 0.0282188 0.0948294 0.073005 0.0833337 0.0497635 0.0349329 0.142735 0.0579788 0.0412431 0.0966252 0.0303123 0.0242003 0.0421642 0.0353543 0.0487916 0.0381141 0.0259091 0.0229811 0.00854413 0.00390303
threshold=-0.35500000000000392 201.69805069181615 -0.12499999999999999 197.05049731287372 201.08828359383855 206.01441221245105 194.78078768875969 -0.040000000000006246 207.63370737756614 196.67037997205881 197.95816606662197 201.40240379651138 -0.025000000000005681 0.049999999999997165 207.56003853280382 205.99601539021734 208.28386396799434 0.19499999999999321 208.18345510640191 208.52584786471132 208.51261220940643 -0.22499999999999429
decision_type=2 2 2 2 2 2 2 2 2 2 2 2 2 2 2 2 2 2 2 2 2 2
left_child=1 -1 3 -2 -5 -6 -4 8 -8 -9 -11 -12 -13 14 -14 -15 17 -17 -16 -18 -20 -7
right_child=2 -3 6 4 5 21 7 9 -10 10 11 12 13 15 18 16 19 -19 20 -21 -22 -23
leaf_value=-0.0007620170720499652 -0.0071570677837977815 0.0060068471933759394 0.0046283074518820889 0.0052463581785559656 -0.0061756561904285964 -0.00046952018747106197 -0.0069525389716091016 0.0055812575295567518 0.0023526056512149381 -0.0037077618279942764 0.0064483046260041497 0.0034362397999280975 -0.0057514717669359281 0.0032552340796457666 0.0020121459616348147 -0.0006962614158462538 0.0039357286722709736 -0.0060895051807165149 -0.0035336490166151808 -0.00031715202904133885 -0.00064562258310616025 0.0012643746572320123
leaf_weight=29 24 21 24 20 26 20 32 20 34 27 24 21 21 31 24 38 24 20 21 27 20 37
leaf_count=29 24 21 24 20 26 20 32 20 34 27 24 21 21 31 24 38 24 20 21 27 20 37
internal_value=-5.69639e-13 0.00208091 -0.000194477 -0.00149621 -0.000177169 -0.00148404 0.000210718 -6.53818e-05 -0.00215898 0.000369139 1.93319e-05 0.000390666 -0.000197931 -0.000535619 -0.00185591 0.000275419 -0.000572052 -0.002556 -0.000597347 0.0016842 -0.00212486 0.000655991
internal_weight=585 50 535 127 103 83 408 384 66 318 298 271 247 226 86 140 109 58 65 51 41 57
internal_count=585 50 535 127 103 83 408 384 66 318 298 271 247 226 86 140 109 58 65 51 41 57
is_linear=0
shrinkage=0.1


Tree=92
num_leaves=23
num_cat=0
split_feature=1 0 0 1 1 0 0 0 0 0 0 0 0 1 1 0 0 0 1 0 0 1
split_gain=0.0212982 0.0631003 0.061236 0.0346225 0.0234396 0.10206 0.073869 0.0579313 0.0800267 0.0654596 0.0542119 0.0339688 0.0200272 0.0303548 0.0236765 0.0175866 0.0175552 0.0274461 0.0120449 0.0115101 0.0212587 0.00711843
threshold=0.28499999999999664 194.41165866914923 201.80698007729026 0.21500000000000344 -0.26000000000000506 202.41911172668947 198.59827739408234 199.21935430206608 197.05049731287372 201.57102490479909 196.36513841958751 205.89318847668474 208.53460367561681 -0.16500000000000623 0.14499999999999605 208.61879440828037 208.10620028390164 208.25305407766822 0.025000000000005688 207.63370737756614 207.38843084751252 -0.049999999999997151
decision_type=2 2 2 2 2 2 2 2 2 2 2 2 2 2 2 2 2 2 2 2 2 2
left_child=1 -1 -2 4 5 6 -3 8 10 -9 -6 -11 13 -13 16 -14 19 -18 21 20 -15 -19
right_child=2 3 -4 -5 7 -7 -8 9 -10 11 -12 12 15 14 -16 -17 17 18 -20 -21 -22 -23
leaf_value=0.0047379427525246973 -0.0045785005040028517 0.00051634606672450905 0.0018684295919508889 0.0034911156273805181 -0.0043970200745388861 -0.0025805444270372395 0.0091110508207930246 0.0052375451492314993 -0.0080406865914878639 -0.0036659786614171904 0.0028776735887818396 -0.0038501277352528031 0.003528461854260128 0.0019187319499906154 -0.0031067172146361809 -5.3217014747446986e-05 -0.0037549622695554393 -1.5057519776746632e-05 -0.0014219707138836384 0.0028135984117398042 -0.0020848121893193043 0.0025916379114443609
leaf_weight=29 34 20 26 26 20 35 20 22 23 29 21 24 26 36 23 29 22 20 25 32 21 22
leaf_count=29 34 20 26 26 20 35 20 22 23 29 21 24 26 36 23 29 22 20 25 32 21 22
internal_value=-2.04374e-11 0.000203981 -0.00178483 -6.11099e-05 -0.000257616 0.00136305 0.0048137 -0.000565338 -0.00331945 -3.28198e-05 -0.000670957 -0.000408056 -7.06284e-05 -0.000488767 -8.7411e-05 0.00163994 0.000302724 -0.000690377 0.000315905 0.00129583 0.000443742 0.00135035
internal_weight=585 525 60 496 470 75 40 395 64 331 41 309 280 225 201 55 178 89 67 89 57 42
internal_count=585 525 60 496 470 75 40 395 64 331 41 309 280 225 201 55 178 89 67 89 57 42
is_linear=0
shrinkage=0.1


Tree=93
num_leaves=22
num_cat=0
split_feature=1 1 0 0 1 0 0 0 0 1 1 0 0 1 1 0 1 1 0 1 0
split_gain=0.0172515 0.0613996 0.0511112 0.030288 0.0566829 0.0186727 0.0611356 0.0474293 0.0235932 0.0234394 0.0227092 0.0223779 0.0263725 0.0230457 0.0179416 0.0995171 0.0304582 0.0606944 0.0104805 0.00783715 0.00200902
threshold=0.28499999999999664 0.35999999999999949 194.41165866914923 195.85410442947776 0.21500000000000344 197.17957476727727 200.33853492967094 201.80698007729026 207.96975098836759 -0.17999999999999258 0.11500000000000911 208.62783141795038 208.53460367561681 0.025000000000005688 -0.34499999999999881 206.17075764789089 -1.0000000180025095e-35 -0.14999999999999145 196.86338056825869 -0.049999999999997151 208.25305407766822
decision_type=2 2 2 2 2 2 2 2 2 2 2 2 2 2 2 2 2 2 2 2 2
left_child=2 -2 -1 -4 5 18 -7 -8 10 -10 14 12 13 19 -9 -16 17 -17 -5 -11 -21
right_child=1 -3 3 4 -6 6 7 8 9 11 -12 -13 -14 -15 15 16 -18 -19 -20 20 -22
leaf_value=0.0042641484242831838 -0.0058105877473611728 0.00082768595556875595 -0.0038672634889371695 0.00024385576003364156 0.0049481031363425056 -0.0042844883890615568 0.0033307091189691655 0.00099933924153447159 0.0033306516784553731 -0.00048681423899584586 0.0017106964083557778 -0.0029822865162383427 0.0031893608892070396 -0.0022764798354458163 -0.0063304376218300791 0.0022493051178753376 0.0023720145489399633 -0.0052830296163649667 0.0033670881064608695 0.00094766316935420043 0.0023324741389263762
leaf_weight=29 22 38 20 21 23 36 39 20 24 28 22 22 28 37 39 20 30 23 22 20 22
leaf_count=29 22 38 20 21 23 36 39 20 24 28 22 22 28 37 39 20 30 23 22 20 22
internal_value=9.13413e-12 -0.00160635 0.000183583 -5.49989e-05 0.00010518 -0.000140708 -0.000348628 3.0225e-05 -0.000354011 0.000420081 -0.00126382 -2.48475e-05 0.000457106 -0.000257877 -0.00175957 -0.00225223 -7.34677e-05 -0.00177962 0.00184179 0.000809099 0.00167304
internal_weight=585 60 525 496 476 453 410 374 335 181 154 157 135 107 132 112 73 43 43 70 42
internal_count=585 60 525 496 476 453 410 374 335 181 154 157 135 107 132 112 73 43 43 70 42
is_linear=0
shrinkage=0.1


Tree=94
num_leaves=23
num_cat=0
split_feature=0 0 0 0 0 0 1 1 0 1 0 0 0 0 0 0 0 0 0 0 1 0
split_gain=0.0198785 0.0577999 0.0606963 0.0535786 0.073688 0.0538667 0.053062 0.0438656 0.0378909 0.0197521 0.0169616 0.0180395 0.0482469 0.02498 0.0331095 0.0188212 0.0146387 0.0124385 0.0176787 0.0177332 0.00202821 0.0011105
threshold=194.12528039589668 196.67037997205881 197.10927215269015 198.77252034286087 201.32901389860635 204.12121356540561 -0.3350000000000079 -0.049999999999997151 201.69805069181615 -0.025000000000005681 206.17075764789089 208.61879440828037 208.52795719478243 207.78770902457691 208.16616359089667 208.44172820447946 207.5135237461628 207.56003853280382 208.28386396799434 208.49882690199902 0.084999999999993761 206.21377377418193
decision_type=2 2 2 2 2 2 2 2 2 2 2 2 2 2 2 2 2 2 2 2 2 2
left_child=-1 7 -3 -4 -5 8 -7 -2 -6 17 -11 12 13 16 -15 20 -12 21 -19 -20 -16 -8
right_child=1 2 3 4 5 6 9 -9 -10 10 11 -13 -14 14 15 -17 -18 18 19 -21 -22 -23
leaf_value=-0.0026500172913074497 0.0064240866971279802 -0.0045670017615581553 0.0039577591261177351 -0.0045553262914634412 0.00071332967684914668 -0.0050007113509557468 0.0030182754676206969 0.00068830506876111036 0.0065297885376605254 -0.0029347144658319079 -0.00020708195336807808 -0.0029549711605622656 0.004509383698248051 -0.0043612196675634814 0.00032159443521364173 -0.0027430039271712304 0.0033914756961166861 -0.0013922942609393171 0.0033272060298326391 -0.00017825419744176249 0.0017130036791786552 0.0019644744112156331
leaf_weight=27 24 30 33 36 24 22 20 30 21 26 26 21 22 28 22 20 20 35 27 31 20 20
leaf_count=27 24 30 33 36 24 22 20 30 21 26 26 21 22 28 22 20 20 35 27 31 20 20
internal_value=-5.76107e-12 0.000128227 -0.000204914 7.11673e-05 -0.000219666 0.000165726 -0.000242018 0.00323754 0.00342768 6.77194e-05 -0.000548021 -0.00020135 0.000164638 -0.000538189 -0.0015071 -0.000218144 0.00135751 0.00101679 0.000382563 0.0014536 0.00098417 0.00249137
internal_weight=585 558 504 474 441 405 360 54 45 338 205 179 158 136 90 62 46 133 93 58 42 40
internal_count=585 558 504 474 441 405 360 54 45 338 205 179 158 136 90 62 46 133 93 58 42 40
is_linear=0
shrinkage=0.1


Tree=95
num_leaves=24
num_cat=0
split_feature=0 1 0 0 1 0 1 0 1 0 1 0 1 1 0 0 1 0 0 0 1 0 0
split_gain=0.017679 0.0188679 0.07721 0.0787837 0.0331566 0.0604707 0.0529355 0.12936 0.0442494 0.0314285 0.0354328 0.0830113 0.0817961 0.0688492 0.0745043 0.0298203 0.0293515 0.0389686 0.0285558 0.0199677 0.0196049 0.0141254 0.0268263
threshold=208.73160335209448 -0.2999999999999971 202.41911172668947 197.10927215269015 -0.12499999999999999 199.73753085238968 -0.064999999999997712 206.21377377418193 -0.16500000000000623 194.7998817201279 0.38000000000000972 201.6115857208022 0.22500000000000855 0.16499999999999207 197.17957476727727 206.95478491297249 0.10999999999999945 206.17075764789089 208.38471347941754 207.54592492091749 0.01500000000000057 208.23939175852561 207.78770902457691
decision_type=2 2 2 2 2 2 2 2 2 2 2 2 2 2 2 2 2 2 2 2 2 2 2
left_child=1 2 3 -1 5 -3 7 -6 15 -8 11 13 16 14 -11 -7 17 -13 21 -18 -20 22 -19
right_child=-2 4 -4 -5 6 8 9 -9 -10 10 -12 12 -14 -15 -16 -17 19 18 20 -21 -22 -23 -24
leaf_value=-0.00027071737928227303 0.0028489272509302412 -0.0057969802219806051 -0.0024996180366724731 0.008292393246665598 0.0093703610985539851 0.0043267444521188731 -0.0040207211690192878 -0.00088171200586657512 -0.0038107153065502644 0.0049653945321386514 -0.0035751958136205318 -0.004719048459082842 -0.0063507907173555832 0.0077560181729495531 -0.0034677391406148675 -0.00072897352344755619 0.0045383817423135043 0.0025658172362580385 -0.0040545719636914633 0.00033555493976634288 -1.2611213605850935e-05 0.0033413969026878476 -0.0015210155242433151
leaf_weight=21 21 29 30 22 20 20 22 32 25 22 27 21 23 23 20 28 20 29 24 26 24 20 36
leaf_count=21 21 29 30 22 20 20 22 32 25 22 27 21 23 23 20 28 20 29 24 26 24 20 36
internal_value=-3.28152e-11 -0.000106077 0.00139396 0.00411041 -0.000329097 -0.00193389 9.1697e-05 0.00306139 -0.000399236 -0.000366535 -0.000111322 0.000213416 -0.000703177 0.00335804 0.000949617 0.00137758 -5.37014e-05 -0.000715794 -8.37016e-05 0.00216287 -0.00203359 0.00101741 0.000302341
internal_weight=585 564 73 43 491 102 389 52 73 337 315 288 223 65 42 48 200 154 133 46 48 85 65
internal_count=585 564 73 43 491 102 389 52 73 337 315 288 223 65 42 48 200 154 133 46 48 85 65
is_linear=0
shrinkage=0.1


Tree=96
num_leaves=23
num_cat=0
split_feature=0 1 0 1 0 0 0 1 1 1 0 0 0 0 0 1 0 0 1 0 0 0
split_gain=0.0163504 0.0787405 0.0294972 0.0289298 0.0600629 0.0245394 0.136824 0.0555303 0.0967332 0.0496621 0.018918 0.019851 0.0133994 0.0138749 0.0216044 0.0168571 0.0320258 0.0194557 0.0196527 0.0237678 0.0267338 0.00331103
threshold=194.78078768875969 -0.019999999999996017 195.92688364319253 0.26000000000000517 201.6115857208022 201.59911937592662 201.06929793433235 -0.13500000000000509 0.049999999999997165 -0.35500000000000392 204.62257565933058 205.99601539021734 207.14619527209479 207.54592492091749 207.83065761649408 -0.17999999999999258 208.62783141795038 208.53460367561681 0.074999999999988645 208.10620028390164 208.38905161596736 208.26089760541132
decision_type=2 2 2 2 2 2 2 2 2 2 2 2 2 2 2 2 2 2 2 2 2 2
left_child=1 -1 -2 5 -5 6 7 -4 -9 -7 -11 -12 -13 -14 -15 -16 17 18 19 -17 21 -21
right_child=2 -3 3 4 -6 9 -8 8 -10 10 11 12 13 14 15 16 -18 -19 -20 20 -22 -23
leaf_value=0.0055728088542819024 -0.0038268527370833218 -0.0028454147512093188 0.0031875464948825541 0.00620919167148796 -0.0005783690663520247 0.0047416576353663748 -0.0080634491592645654 -0.0065113509660991642 0.0028759456538994398 -0.0028680532006546858 0.0029415341718545696 -0.0019516553135503812 0.0022282912714958743 -0.0027185098685581109 0.0028138750402087517 0.003336873618157014 -0.0035162915824912492 0.0027953432074614933 -0.0025668162995806107 -0.0011560761158100584 0.0018339585891226308 -0.0029338634619489315
leaf_weight=25 21 20 38 22 32 22 25 23 21 24 22 37 27 29 22 23 24 28 26 22 32 20
leaf_count=25 21 20 38 22 32 22 25 23 21 24 22 37 27 29 22 23 24 28 26 22 32 20
internal_value=-2.13154e-11 0.00183138 -0.000152615 -3.94611e-06 0.00218693 -0.000258371 -0.00158716 0.000387324 -0.00203105 0.00013878 -0.000162599 4.5513e-05 -0.000174185 8.5761e-05 -0.000170205 0.000204926 -0.000123056 0.000416266 -0.000125312 0.000529112 -0.000343571 -0.00200264
internal_weight=585 45 540 519 54 465 107 82 44 358 336 312 290 253 226 197 175 151 123 97 74 42
internal_count=585 45 540 519 54 465 107 82 44 358 336 312 290 253 226 197 175 151 123 97 74 42
is_linear=0
shrinkage=0.1


Tree=97
num_leaves=22
num_cat=0
split_feature=0 0 0 1 1 1 0 1 1 1 0 0 0 1 1 0 0 1 0 0 0
split_gain=0.0174395 0.0150377 0.0658744 0.0297206 0.0783319 0.0205926 0.174633 0.0434357 0.054119 0.0509574 0.0359174 0.165304 0.0261555 0.021994 0.0366131 0.0208829 0.0230026 0.0210432 0.0213315 0.012084 0.00476767
threshold=208.73160335209448 194.78078768875969 193.98444641620117 0.38000000000000972 0.26000000000000517 -0.35000000000000847 201.69805069181615 -0.26000000000000506 -0.21500000000000338 -0.16500000000000623 199.05857677630476 202.41911172668947 208.5327853553909 0.10999999999999945 0.06499999999999774 208.38905161596736 208.18345510640191 0.01500000000000057 207.63370737756614 196.86338056825869 207.54592492091749
decision_type=2 2 2 2 2 2 2 2 2 2 2 2 2 2 2 2 2 2 2 2 2
left_child=1 2 -1 4 5 6 -3 -7 -9 -10 19 -12 13 14 15 16 17 18 -13 -11 -15
right_child=-2 3 -4 -5 -6 7 -8 8 9 10 11 12 -14 20 -16 -17 -18 -19 -20 -21 -22
leaf_value=-0.0024419947527348999 0.0028295594622336686 -0.0085211197420468811 0.0052271926309913402 -0.0034877243313800408 0.0049615854429530693 0.0036273237783461809 0.0039410719817334957 -0.00551697388291359 0.0039250857662409544 8.0462921734737313e-05 -0.0077355543966405099 -1.8482700211163134e-06 -0.0024940492146505186 0.0034568530285642263 -0.0037117128334939482 0.0028319729074578865 -0.0024552242481149737 -0.0020960387618591389 0.0035793944422540997 0.0030854854470817373 0.0012995046004652979
leaf_weight=21 21 23 24 27 29 28 22 20 28 23 32 39 39 21 25 29 32 21 29 32 20
leaf_count=21 21 23 24 27 29 28 22 20 28 23 32 39 39 21 25 29 32 21 29 32 20
internal_value=1.52982e-11 -0.000105356 0.00164824 -0.000257402 -8.01279e-05 -0.000395916 -0.00242849 -0.000177097 -0.000450235 -0.000176358 -0.000512148 -0.00096077 -0.000110601 0.000319744 -0.000168681 0.000421824 -0.000155815 0.000670939 0.00152545 0.00182884 0.00240449
internal_weight=585 564 45 519 492 463 45 418 390 370 342 287 255 216 175 150 121 89 68 55 41
internal_count=585 564 45 519 492 463 45 418 390 370 342 287 255 216 175 150 121 89 68 55 41
is_linear=0
shrinkage=0.1


Tree=98
num_leaves=24
num_cat=0
split_feature=0 0 0 1 1 1 1 0 1 0 0 1 1 1 0 0 0 1 1 0 1 1 1
split_gain=0.014126 0.014472 0.0451273 0.0791004 0.137333 0.0745482 0.115935 0.131547 0.058211 0.0513382 0.041236 0.0225908 0.0217973 0.0200084 0.00935333 0.0216921 0.0224892 0.0118133 0.0229324 0.0207944 0.032004 0.0117639 0.00314789
threshold=208.73160335209448 205.99601539021734 201.32901389860635 0.11500000000000911 -0.18500000000000225 -0.38499999999999085 -0.13500000000000509 198.59827739408234 0.35999999999999949 194.7998817201279 196.72478726907687 0.025000000000005688 0.20000000000000287 -0.22499999999999429 208.52584786471132 208.38905161596736 208.30004270385669 0.054999999999992617 -1.0000000180025095e-35 207.96975098836759 -0.11999999999999032 1.0000000180025095e-35 0.11500000000000911
decision_type=2 2 2 2 2 2 2 2 2 2 2 2 2 2 2 2 2 2 2 2 2 2 2
left_child=1 2 5 4 -4 -1 10 8 9 -8 -7 -11 13 -3 15 16 17 18 19 20 -15 -16 -19
right_child=-2 12 3 -5 -6 6 7 -9 -10 11 -12 -13 -14 14 21 -17 -18 22 -20 -21 -22 -23 -24
leaf_value=-0.0057649954561265595 0.0025466037138054771 -0.0026574128831271084 0.0061877745746945351 0.007073219733312726 -0.003633636680731018 0.0079297481290996081 -0.0051747226791287008 -0.0087811606517061592 0.0049427644582465298 -0.0019080150930676611 0.0019388739157606056 0.0024923868211252347 -0.003337139342553341 0.001187054356374905 0.0001856875023804605 0.002600847822887933 -0.0031496919014237148 -0.0019793082582986073 0.0030378555512112198 0.0023015649904581637 -0.0042707204056482411 -0.003024830451856057 -0.00024783828606208169
leaf_weight=23 21 32 24 25 35 20 22 20 20 20 27 28 26 22 25 34 22 21 33 22 21 21 21
leaf_count=23 21 32 24 25 35 20 22 20 20 20 27 28 26 22 25 34 22 21 33 22 21 21 21
internal_value=2.79447e-11 -9.48203e-05 0.000445167 0.00235905 0.000361514 -0.000447976 0.000330951 -0.00144532 0.000184866 -0.00117453 0.00448818 0.000658886 -0.000570009 -0.000307435 3.30581e-06 0.000304486 -0.000177466 0.000289598 0.000890956 -0.000199008 -0.00147837 -0.00127998 -0.00111357
internal_weight=585 564 264 84 59 180 157 110 90 70 47 48 300 274 242 196 162 140 98 65 43 46 42
internal_count=585 564 264 84 59 180 157 110 90 70 47 48 300 274 242 196 162 140 98 65 43 46 42
is_linear=0
shrinkage=0.1


Tree=99
num_leaves=24
num_cat=0
split_feature=1 0 0 0 1 1 0 0 0 1 0 0 1 0 0 0 1 0 1 1 1 0 1
split_gain=0.0158934 0.0608352 0.0413389 0.0310312 0.0444345 0.01573 0.127696 0.0413844 0.113136 0.0942732 0.0807431 0.00966964 0.0222593 0.00874215 0.0156548 0.0195408 0.00836701 0.0264509 0.0233281 0.0159606 0.015704 0.00695207 0.00259106
threshold=0.28499999999999664 201.80698007729026 194.41165866914923 195.85410442947776 0.21500000000000344 -0.35000000000000847 201.69805069181615 201.40240379651138 198.92269653010081 -0.10999999999999942 202.41911172668947 208.57487923896156 0.14499999999999605 208.49882690199902 208.38905161596736 208.3072570887426 -0.049999999999997151 207.78770902457691 -1.0000000180025095e-35 0.019999999999996024 -0.15500000000000111 207.83065761649408 -1.0000000180025095e-35
decision_type=2 2 2 2 2 2 2 2 2 2 2 2 2 2 2 2 2 2 2 2 2 2 2
left_child=2 -2 -1 -4 5 6 -5 8 9 -7 -9 12 13 14 15 16 17 20 -18 -20 -12 -21 -13
right_child=1 -3 3 4 -6 7 -8 10 -10 -11 11 22 -14 -15 -16 -17 18 -19 19 21 -22 -23 -24
leaf_value=0.0038460006664410747 -0.0043263348908273176 0.0020994597866844673 -0.0038971054460853341 -0.0074912226869769038 0.0044116468290271967 0.0052403914697823073 0.0034106527497483928 -0.0061029362163263498 0.0086573174595832841 -0.003190443764712351 -0.0015329617659576359 0.00066329937018010587 -0.0030890420079231263 -0.0014960134432961544 0.0026266782078891993 -0.0029461243422701957 -0.0032058939581648227 0.0039700831084147747 0.0029828028683550659 -0.0012554022338008509 0.0020087705803148097 0.0011212673294357957 0.0022341817617416381
leaf_weight=29 34 26 20 21 23 21 22 23 20 36 31 21 24 30 26 20 21 23 20 32 21 20 21
leaf_count=29 34 26 20 21 23 21 22 23 20 36 31 21 24 30 26 20 21 23 20 32 21 20 21
internal_value=-3.69445e-11 -0.00154182 0.000176208 -3.83561e-05 0.000123776 -9.39302e-05 -0.00191352 9.69047e-05 0.00218622 -8.43466e-05 -0.000386209 3.79351e-05 -0.000183161 0.000102663 0.000326777 8.70506e-06 0.00036047 0.00114632 -0.000273282 0.000582063 -0.000102647 -0.000341299 0.00144874
internal_weight=585 60 525 496 476 453 43 410 77 57 333 310 268 244 214 188 168 75 93 72 52 52 42
internal_count=585 60 525 496 476 453 43 410 77 57 333 310 268 244 214 188 168 75 93 72 52 52 42
is_linear=0
shrinkage=0.1


end of trees

feature_importances:
EMA=1279
Open_Close_Diff=914

parameters:
[boosting: gbdt]
[objective: regression]
[metric: rmse]
[tree_learner: serial]
[device_type: cpu]
[data_sample_strategy: bagging]
[data: ]
[valid: ]
[num_iterations: 100]
[learning_rate: 0.1]
[num_leaves: 31]
[num_threads: 0]
[seed: 0]
[deterministic: 0]
[force_col_wise: 0]
[force_row_wise: 0]
[histogram_pool_size: -1]
[max_depth: -1]
[min_data_in_leaf: 20]
[min_sum_hessian_in_leaf: 0.001]
[bagging_fraction: 1]
[pos_bagging_fraction: 1]
[neg_bagging_fraction: 1]
[bagging_freq: 0]
[bagging_seed: 3]
[bagging_by_query: 0]
[feature_fraction: 1]
[feature_fraction_bynode: 1]
[feature_fraction_seed: 2]
[extra_trees: 0]
[extra_seed: 6]
[early_stopping_round: 0]
[early_stopping_min_delta: 0]
[first_metric_only: 0]
[max_delta_step: 0]
[lambda_l1: 0]
[lambda_l2: 0]
[linear_lambda: 0]
[min_gain_to_split: 0]
[drop_rate: 0.1]
[max_drop: 50]
[skip_drop: 0.5]
[xgboost_dart_mode: 0]
[uniform_drop: 0]
[drop_seed: 4]
[top_rate: 0.2]
[other_rate: 0.1]
[min_data_per_group: 100]
[max_cat_threshold: 32]
[cat_l2: 10]
[cat_smooth: 10]
[max_cat_to_onehot: 4]
[top_k: 20]
[monotone_constraints: ]
[monotone_constraints_method: basic]
[monotone_penalty: 0]
[feature_contri: ]
[forcedsplits_filename: ]
[refit_decay_rate: 0.9]
[cegb_tradeoff: 1]
[cegb_penalty_split: 0]
[cegb_penalty_feature_lazy: ]
[cegb_penalty_feature_coupled: ]
[path_smooth: 0]
[interaction_constraints: ]
[verbosity: 1]
[saved_feature_importance_type: 0]
[use_quantized_grad: 0]
[num_grad_quant_bins: 4]
[quant_train_renew_leaf: 0]
[stochastic_rounding: 1]
[linear_tree: 0]
[max_bin: 255]
[max_bin_by_feature: ]
[min_data_in_bin: 3]
[bin_construct_sample_cnt: 200000]
[data_random_seed: 1]
[is_enable_sparse: 1]
[enable_bundle: 1]
[use_missing: 1]
[zero_as_missing: 0]
[feature_pre_filter: 1]
[pre_partition: 0]
[two_round: 0]
[header: 0]
[label_column: ]
[weight_column: ]
[group_column: ]
[ignore_column: ]
[categorical_feature: ]
[forcedbins_filename: ]
[precise_float_parser: 0]
[parser_config_file: ]
[objective_seed: 5]
[num_class: 1]
[is_unbalance: 0]
[scale_pos_weight: 1]
[sigmoid: 1]
[boost_from_average: 1]
[reg_sqrt: 0]
[alpha: 0.9]
[fair_c: 1]
[poisson_max_delta_step: 0.7]
[tweedie_variance_power: 1.5]
[lambdarank_truncation_level: 30]
[lambdarank_norm: 1]
[label_gain: ]
[lambdarank_position_bias_regularization: 0]
[eval_at: ]
[multi_error_top_k: 1]
[auc_mu_weights: ]
[num_machines: 1]
[local_listen_port: 12400]
[time_out: 120]
[machine_list_filename: ]
[machines: ]
[gpu_platform_id: -1]
[gpu_device_id: -1]
[gpu_use_dp: 0]
[num_gpu: 1]

end of parameters

pandas_categorical:[]
